i,pls,cca
l_0,1.315299003939685,13.322491393131692
l_1,1.0360440311506574,10.493947811209278
l_2,0.22061783131056412,2.234608427180403
l_3,-0.1341581726508768,-1.3588702680748996
l_4,0.08743949481248013,0.8856633839293206
l_5,1.3992820486231967,14.173141217233047
l_6,0.4560646740831453,4.619417396200691
l_7,0.45551812268461367,4.613882760621034
l_8,0.2722688790811419,2.757774457096022
l_9,-0.4843923110385037,-4.906345246298691
l_10,1.0554110459642365,10.690118092180798
l_11,-1.247793759686532,-12.638734636853174
l_12,-0.7920357742364672,-8.022425326493677
l_13,0.7834085832446442,7.93504084994154
l_14,1.138218470135006,11.528859980727654
l_15,-0.3125320533767641,-3.165595992845729
l_16,-0.7967633604020935,-8.070309856385604
l_17,0.4613956483369087,4.673417035770626
l_18,-0.28859632443091227,-2.9231574276535466
l_19,-0.27494281974841617,-2.784859346884143
l_20,0.9577019891671291,9.700434392911998
l_21,-0.8871668630669154,-8.985994776716222
l_24,0.8816791451708895,8.930407944436634
l_22,-0.6370754823362755,-6.45285330409815
l_23,-0.1929548852088621,-1.954418239414798
l_25,-0.27453843821821267,-2.7807660130528515
l_26,-0.20814100059066126,-2.1082316586433274
l_28,0.13702550591722334,1.3879113708160726
l_27,-0.5204183108101332,-5.271248085192165
l_29,0.30425655265858864,3.08177270158842
l_30,-0.3373485062883444,-3.4169580689836456
l_33,-0.5093816635054251,-5.1594579238356015
l_31,-0.6148690731781083,-6.227928379917902
l_32,-0.9127454710754807,-9.245078235174072
l_35,-0.3699062740284063,-3.746731828806681
l_34,-0.3310240183657909,-3.3528987235031993
l_36,-1.3992911628784828,-14.17323433755937
l_37,-1.0044984806824464,-10.17443146281825
l_38,-0.6729879682442956,-6.816606008055072
l_39,-0.0009562075495801789,-0.009687185809512918
l_40,1.438473859067189,14.570110008935037
l_41,0.7863837675965288,7.9651758542446265
l_42,0.7283258932712211,7.377115313810652
l_43,-2.057403110831583,-20.839163050693294
l_44,0.5338255091814722,5.4070474634423045
l_45,1.745242004801075,17.677320652645808
l_46,-0.2521027577674027,-2.553516848716688
l_47,-2.8021088039120285,-28.382186302832
l_48,-0.12420214996216623,-1.2580293367602593
l_49,-1.3066528619322935,-13.234915343045259
l_50,-1.345836464177363,-13.631797452400784
l_51,-1.6241729288846976,-16.451030890177073
l_52,-0.411526108813937,-4.168293997342024
l_53,-0.9615542552300228,-9.739455586299956
l_54,-0.8616261051505291,-8.72729758846897
l_55,-2.503085308838665,-25.35341669732966
l_56,-2.3766779477120874,-24.07305723593935
l_57,-2.392077095752679,-24.229027589228764
l_58,-2.221251695987906,-22.498764948786807
l_59,-1.069542265943917,-10.833250279286638
l_60,-2.0132703709305737,-20.392145401780024
l_61,-1.8457577014563311,-18.695434868590716
l_62,-0.905613765353823,-9.17284170129462
l_63,-0.67961679692449,-6.8837483328329325
l_64,-2.205304970213371,-22.337238889613133
l_65,0.5060751099657698,5.125968196759343
l_66,-0.5243889676685042,-5.311465623709709
l_67,-0.14292791911158742,-1.4476989596024166
l_68,-1.0708275154113351,-10.846267996057154
l_69,0.33848185643540735,3.4284376390191618
l_70,-1.5483345770784926,-15.682870395204766
l_71,1.31059320538123,13.274825099135384
l_72,2.0212383454500333,20.472855821554685
l_73,-1.867266069759619,-18.913287627495627
l_74,0.7624584019198449,7.722839818515898
l_75,1.4771132731011498,14.96148545875489
l_77,0.9760399928780367,9.886177371292431
l_76,-1.293308153439667,-13.099744061419907
l_79,0.44742383050257334,4.531896121014617
l_78,0.033812324210389565,0.3424802954716116
l_80,-1.91821833278714,-19.42937629192477
l_81,-1.4374604698869353,-14.559842961286995
l_82,-0.09466817815085614,-0.9588835073586467
l_83,-0.8484252982849824,-8.59358666368352
l_84,-0.6982331072595507,-7.072311182037835
l_85,-0.18139093987483343,-1.8372837698471804
l_86,-0.482923147937727,-4.891464219991344
l_87,0.8424174070222837,8.532733386031838
l_88,-0.2613627770361721,-2.6473089012085618
l_89,-0.6100962904019261,-6.1795839516176585
l_90,1.381313572426332,13.991140360602623
l_91,-0.6508132297183944,-6.5920011883282035
l_92,-1.2695036639970614,-12.858633723049573
l_93,-1.393572946416611,-14.115313049895187
l_94,0.046644144246921315,0.4724534408582367
l_95,-2.238435745076268,-22.672819251410413
l_96,0.08167052957497258,0.8272283838756699
l_97,1.493345113409791,15.125890383110118
l_98,1.4693260708611746,14.882606537118216
l_99,-0.6120334267762103,-6.199204764970444
l_100,1.792869739658587,18.15973973238212
l_101,1.5792484911238946,15.995997366832116
l_102,-0.04980782003244324,-0.5044957015294494
l_103,-1.3993649850386012,-14.173985984721213
l_104,0.8877352647950262,8.991751848299254
l_105,-0.5961875341661427,-6.0387039341642375
l_106,-1.095970771955894,-11.100941097068176
l_107,-0.28617768934365617,-2.8986562877563062
l_108,-0.9619536111192013,-9.743501265910682
l_109,-0.577479317556501,-5.8492107963592765
l_110,0.6289394300798231,6.370446454709039
l_111,0.5100709877042727,5.166438480167242
l_112,-0.35781280896729273,-3.6242371016106603
l_113,-0.5061792484314824,-5.127020866626839
l_114,-1.112471685304247,-11.268078254017317
l_115,0.6555256983505368,6.6397335115927385
l_116,0.0117835295282244,0.11935318942241231
l_117,-0.5734595945601316,-5.808496668283174
l_120,-0.227197304153652,-2.3012504639171514
l_119,-0.16764149638047543,-1.6980178156081156
l_118,-0.5997231369715474,-6.074515843153155
l_121,-0.3694159937429092,-3.7417651514124786
l_122,-0.6648346667254328,-6.734021069249115
l_123,-0.19842157375125613,-2.009786417371534
l_124,-1.2272399645853591,-12.43054797732353
l_125,-2.540036924684044,-25.72769552855559
l_126,-3.0804849073978633,-31.20182079930445
l_127,-1.5305328047036426,-15.502561602672747
l_128,-0.9098135321250387,-9.215378743547308
l_129,-0.2783345707614227,-2.81921025633309
l_130,0.5737874763215364,5.811820366407438
l_131,1.3171812179542732,13.341555993940132
l_132,0.15684458049679298,1.5886603249539277
l_133,-1.176328610156746,-11.914873972193963
l_134,-1.1373907228770361,-11.520478180828123
l_135,-0.2764800712912672,-2.8004283672985246
l_137,-0.38035054416690667,-3.8525174543139538
l_136,-1.542594943522096,-15.624738614083212
l_138,-1.3775121823012562,-13.95263693713564
l_139,-0.3156854143284058,-3.1975347292146172
l_140,0.6008950726254405,6.086386819369079
l_142,0.1056750444899369,1.0703694444713963
l_141,0.11120862685589805,1.1264184892846718
l_143,0.14321350665710425,1.4505920036444935
l_144,0.3326769004216673,3.3696415448350536
l_145,-0.5976265942374337,-6.053280234154678
l_146,-0.4345495732360718,-4.401493888557368
l_147,0.49789320014112265,5.043095688298419
l_148,-1.4274963052055407,-14.458920224772099
l_149,0.5815141792405301,5.890079635679284
l_150,1.4041703695576169,14.222654287523559
l_151,0.2991563958176878,3.0301152071075625
l_152,-0.3139516825196809,-3.1799745372821593
l_153,0.09981634090232605,1.0110258291381484
l_154,0.461476993498209,4.674238029105522
l_155,-3.164121538323372,-32.04896682971273
l_156,-2.9997609587837615,-30.384177763686413
l_157,0.8129932607431223,8.234700350376306
l_158,0.5147329394012475,5.213661882547874
l_159,-0.9253849958399609,-9.37310315442318
l_161,-1.1769472150480476,-11.921143790972378
l_162,-1.1639308679435614,-11.789300018533504
l_160,-2.6255586849159527,-26.593931944881593
l_163,-2.0543089255975033,-20.80782136568054
l_164,-1.5223358906514048,-15.419536022384296
l_165,0.23918145854491485,2.4226351890879645
l_166,-1.1213168028463136,-11.357666941316282
l_167,0.3212035172047639,3.2534282402695127
l_168,0.4171276158952853,4.225027854057713
l_169,1.1633783723406812,11.78369952039285
l_170,0.7809527013216334,7.910163734319124
l_171,-2.5103425337606384,-25.426924119826708
l_172,0.016010986164305272,0.16217378607523789
l_173,0.6074271759672303,6.152550921864344
l_174,0.5856866210832615,5.932341557701388
l_175,-0.06417302485086589,-0.6499986703862097
l_176,0.47209954212878613,4.7818333095394205
l_177,0.9423511565583323,9.544947381732651
l_178,0.8809471083643798,8.922994591623706
l_179,0.8659526197122932,8.771120226766644
l_180,0.1370689387969286,1.3883534618609517
l_181,0.7472387547855688,7.568681468125778
l_182,-1.4185133679329032,-14.367931666791472
l_183,-1.4417291474750316,-14.603082271899295
l_184,0.7890433416933632,7.992115092170458
l_185,0.3344206321659508,3.387301869722039
l_186,1.4217274208879676,14.400487341790628
l_187,1.8930200639479817,19.17414944363945
l_188,1.468612356856941,14.87537965997415
l_189,0.9874778713532912,10.002032450349589
l_190,1.1205742756910988,11.350145893954569
l_191,-0.8857053838157414,-8.97118793675642
l_192,-1.4540438283065404,-14.72781707521849
l_193,1.207778716107443,12.233426776128704
l_194,0.6029903127480029,6.107610200447456
l_195,0.7552508566489466,7.649835289242073
l_196,0.7235878442566561,7.329124992239566
l_197,0.9583237155087634,9.70673576313064
l_198,-1.9211757851867866,-19.459331814800805
l_199,-0.8886115400630523,-9.00062706374064
l_200,-1.4859831226880136,-15.05132520557657
l_201,-0.7293601183368333,-7.387588276556019
l_202,1.2849140377261095,13.014722983009298
l_203,-0.9570902220406332,-9.694239106365783
l_205,0.10916716926344551,1.105740609634083
l_204,0.10044159844651983,1.0173610545584792
l_206,1.120634139469722,11.350750970661059
l_207,-0.28875643675238843,-2.9247754814386377
l_208,0.24738352553959098,2.505715440194295
l_209,2.1371427976427038,21.64683547876896
l_210,0.7691458731461885,7.790575022538796
l_211,2.513008685294525,25.45393004371211
l_212,2.0612808518098813,20.87843880802944
l_213,-0.10238324207885746,-1.0370268791588082
l_214,-0.07712958063355084,-0.7812358131554831
l_215,-0.0022137138674959856,-0.022420265495316987
l_216,0.26863194380492844,2.72093504548895
l_217,0.5034662055289021,5.099540092402646
l_218,-0.06441813737096097,-0.6524837910937004
l_219,0.1736519942689485,1.7588961286123495
l_220,0.6031389228270784,6.1091144427201725
l_221,0.25085968147951443,2.540923798004701
l_222,0.9472192012330811,9.594255529034712
l_223,0.48111738484778993,4.873171199469585
l_224,-0.3088078238345302,-3.1278748497538937
l_225,1.1709022062801968,11.859911623647735
l_226,0.28967905678824374,2.934121278735399
l_227,-0.8675071578411553,-8.78686658665453
l_228,-0.7134638946932192,-7.22658248687571
l_229,-0.4442094172123553,-4.499339704851867
l_230,-3.2824900088055977,-33.2479046042273
l_231,1.2823174444219632,12.988422840309523
l_232,-0.7180533700314607,-7.273064506940448
l_233,1.6475007566903208,16.6873122099981
l_234,-2.0531626794515203,-20.79620963799564
l_235,-0.22468436681786325,-2.275794569499031
l_236,0.9003121327021865,9.119140598534104
l_237,1.0145887589547025,10.27663410417157
l_238,-1.3730601229487982,-13.907540402006516
l_239,2.534700330806064,25.673641640415532
l_240,2.4250101933115134,24.562605992749003
l_241,1.3638584123670052,13.814340029076966
l_242,-1.8697308834946884,-18.938251110648128
l_244,-1.816002728841431,-18.39404865614668
l_243,-0.5777771139639233,-5.8522257880826665
l_245,1.2658568236120882,12.821696641080914
l_246,0.703123726059904,7.121847529371268
l_247,1.5654023911395303,15.85575394758462
l_248,0.8316644107624158,8.423821097459783
l_249,-1.3610689828046711,-13.786087002797133
l_250,0.23652939232088793,2.395771499028238
l_251,-1.279979918734812,-12.964745025588108
l_252,2.3963067286231055,24.271871912380902
l_254,-0.03525749531145465,-0.35711749192858494
l_255,0.4287914959502495,4.343172779704802
l_253,1.6915519176762361,17.133505105180863
l_256,0.1718955766247019,1.7411078315505346
l_257,1.3605596574592769,13.780925911830266
l_258,-2.4088211518021043,-24.398628464244755
l_259,-0.24252711014970185,-2.4565256938169955
l_260,0.5233371332592163,5.300811672545025
l_261,-1.1354980071692264,-11.501310357748581
l_262,0.03115652513785516,0.31557822113674255
l_263,1.16261875999408,11.776010844326866
l_264,-0.8926581727672517,-9.04161465811523
l_266,-2.393517557180242,-24.243620274769494
l_265,0.42298268327051924,4.284336075225001
l_267,-1.1124363097437786,-11.267718885613537
l_268,-0.8331969729250586,-8.439342478221173
l_269,-1.6496527350470054,-16.709108965637864
l_270,-0.6789664811981571,-6.877160687340651
l_271,-1.0102552937373919,-10.232741705420786
l_273,0.9082053457090002,9.199091693554543
l_272,0.49825381003915636,5.046745560083545
l_274,0.6934957523166836,7.024325435625919
l_275,-1.5161573947436486,-15.356953916893172
l_276,1.1714854587959531,11.865819525759523
l_277,0.44699774478425125,4.527580319797996
l_278,0.741875223831798,7.514355691140199
l_279,0.12720482324966034,1.2884392316568993
l_280,-0.7144745442989416,-7.236819827596767
l_281,-0.6358271095067208,-6.440206125449758
l_282,0.7366606008943585,7.461533725560528
l_283,0.5912629592391271,5.988822029331929
l_284,0.7592624141384422,7.690466113244417
l_285,0.6922913019381117,7.012121782701912
l_286,0.9610408573384657,9.734253629530212
l_287,1.3304493883116257,13.47594472197856
l_288,0.9906519361612672,10.034181820350765
l_289,0.3547944650079863,3.5936656925922894
l_290,-0.2351194998104618,-2.3814939718958965
l_291,-0.48172197319043547,-4.879296488501827
l_292,-1.3892051331839617,-14.071076379652236
l_293,0.6878603671992619,6.9672465751040376
l_294,-1.2057604128974484,-12.21298549213484
l_295,1.369457304053241,13.87105092971812
l_296,0.4636700285624445,4.696457631596577
l_297,-0.8086359456674072,-8.190566498529417
l_298,-1.1635662701868281,-11.785609120050278
l_299,0.141065921359593,1.4288381020370213
l_300,-0.5411935017540555,-5.481677716641351
l_301,-0.9779253169522975,-9.90527826756221
l_302,0.5769270833075638,5.843619181395711
l_303,1.5171150769394914,15.36666155765311
l_305,1.9711289409371313,19.965301431617654
l_304,-1.5914369730423703,-16.119454292903487
l_306,-0.05152554987268782,-0.5218978291308047
l_307,-0.024459729134989037,-0.2477522296129791
l_308,1.0208330673692918,10.339880157309567
l_309,0.5923482352098791,5.999815943766295
l_310,0.8116538132011671,8.221135306023873
l_312,-0.003993431453152506,-0.040448683952815374
l_311,0.8330842055325696,8.438201578917006
l_313,0.7256195104006451,7.349704098597385
l_314,0.005666987627999212,0.05739874734813674
l_315,-0.08538208377722907,-0.8648238618590635
l_316,0.14542213094724743,1.4729612017741758
l_317,-0.3723165975626976,-3.771150243593292
l_318,2.43424672400607,24.65615999889631
l_319,-0.6533760421517266,-6.617957953186705
l_320,1.5712659980976957,15.915144709856136
l_321,-1.736071037786222,-17.584434199061036
l_322,-0.19947499059634877,-2.0204545386717747
l_323,0.5312075325393187,5.380530362654145
l_324,-0.019103016689597543,-0.1934928065930958
l_326,1.3816623950485045,13.994676584680414
l_325,1.1878339761131802,12.031413268909885
l_328,0.1988305306291003,2.0139289660887627
l_327,-1.470725127203101,-14.896779151501608
l_329,0.5177133244986593,5.243850018110224
l_330,0.542774578559433,5.497691881414351
l_331,1.347186680230782,13.645473947046714
l_332,-1.1330216115354361,-11.476228527785416
l_333,-1.2499997526364242,-12.661078676093448
l_334,-2.1683283566814886,-21.962707608029795
l_335,-0.09689089504203775,-0.9813917698039486
l_336,2.2281697011382833,22.56883388577712
l_337,-1.4253615622150089,-14.437297157355223
l_338,-0.5529640531843992,-5.600899014605043
l_339,-0.14853803841245514,-1.5045215175751592
l_340,0.40512469965854203,4.103454781000637
l_341,0.15156228936708788,1.5351549850709296
l_342,0.7200800502127935,7.293592540317677
l_343,-0.6947971617443659,-7.03750610209047
l_344,-0.16517167792382842,-1.6730036317383095
l_345,0.4836210017610726,4.898531384020043
l_347,-0.355803012224425,-3.60387932832055
l_346,-0.3112230598399373,-3.152338044007891
l_348,-1.4791893836080277,-14.98251339338554
l_351,0.5562596806319255,5.634280672672088
l_350,-0.4250656214993303,-4.30543399964321
l_349,-0.4227322319349848,-4.281794781872173
l_352,1.703609839408385,17.255637398613754
l_353,0.5082379083566482,5.147875451767648
l_354,-1.3575206194993035,-13.750148144937036
l_355,1.3568952084055808,13.743813005036621
l_356,-0.31907207061004694,-3.2318369100628037
l_357,-0.7107621365907266,-7.199213489890528
l_358,-0.7568770556830241,-7.666305523530455
l_359,-0.23099679102921017,-2.339736104768868
l_360,0.3359593269352754,3.4028866618088864
l_361,0.02595547496650005,0.2628992881333756
l_362,0.4774800912828532,4.83633152636746
l_363,0.09705177512289974,0.9830253757225972
l_364,-0.30976820347373063,-3.137601699613051
l_365,-1.4434451319355264,-14.620464431589559
l_366,0.22319992172489306,2.260760985978879
l_367,1.1324731499427272,11.470668847626971
l_368,-2.023933871880607,-20.50015398756703
l_369,3.4352299376514925,34.79498528436103
l_370,0.41037643054958933,4.156648414761582
l_371,0.8762551587797823,8.875470840922704
l_372,1.714428540232708,17.365214784955473
l_373,2.687023781427288,27.216507818407724
l_374,-0.787990699151719,-7.981452127729106
l_375,-0.9871158593612934,-9.998365601998156
l_376,-0.1737553575731665,-1.7599465685416356
l_377,1.6060635519363844,16.267603516865012
l_378,-1.1348305976010116,-11.494547875926502
l_379,-0.6855196979298688,-6.943537200489796
l_380,0.4992715586417935,5.057055265721527
l_381,0.6968179101867421,7.057974965420871
l_382,-0.42548004308281023,-4.309629134619142
l_383,-0.03471844681952686,-0.35165670836871193
l_384,-1.052708029079893,-10.662738102428946
l_385,-1.3880651072714936,-14.05952802070617
l_386,0.4816784400680479,4.878856533818595
l_387,-0.5332203289358942,-5.400916566932743
l_388,0.10051349415986652,1.018087918618709
l_389,0.9297735241376459,9.41755287884206
l_390,-1.7811572040463148,-18.04110188622868
l_391,2.4358363272911903,24.672259481676065
l_392,-1.9845278324387245,-20.101015230115042
l_393,-1.364303364783334,-13.818844506728812
l_394,1.7234935283879684,17.457036733268655
l_395,0.6236625389600081,6.316995946938077
l_396,0.7418650177560461,7.514253202417316
l_397,-0.6121413635500547,-6.200297009600373
l_398,-0.483690545642156,-4.899238165728243
l_399,0.281950972290572,2.855844413504338
l_400,0.13761941664535843,1.3939280257570088
l_401,0.5909124169152947,5.985278149534351
l_402,0.2410114727266611,2.4411746884945216
l_403,1.3691015441375611,13.867447106775742
l_404,0.13257989369159537,1.3428847448587546
l_405,2.1331520481218864,21.606412681261578
l_406,-1.7421084567822365,-17.645583402114248
l_407,0.9719459478319752,9.844710868552786
l_408,-0.12276631587123964,-1.2434846005593805
l_409,1.3223625232616274,13.394032497004094
l_411,0.8942713188916565,9.057954458826895
l_412,0.263733968443458,2.6713253690460608
l_410,1.3541470982262407,13.71597466836472
l_413,1.374136606175213,13.918446094282439
l_414,-0.18411923555855175,-1.8649179276447265
l_416,0.4627592148978158,4.687226564329177
l_415,0.018905812971857783,0.1914954014332295
l_417,-0.9579499343620538,-9.702944819730726
l_418,-1.1139721775365303,-11.283275055363786
l_419,-1.1467333731699172,-11.615108894056656
l_420,-0.7516871934840039,-7.613742588704056
l_421,-1.0154209596519772,-10.285062323548965
l_422,1.1374707949506633,11.521290113440283
l_423,-0.9957265201180401,-10.085578713629824
l_424,-0.4697807008654641,-4.758346521066645
l_425,0.8552749574976414,8.662966165523843
l_426,1.0891437919369173,11.0317919015544
l_427,1.3465546307218235,13.639071570333265
l_428,-0.43820478688939724,-4.438517716496301
l_429,0.40398955244924895,4.091956678851016
l_430,0.9083102346810559,9.200151909875375
l_431,0.786273830865828,7.964063527132666
l_432,-2.216320185891986,-22.448810837570967
l_433,-0.011590849238798766,-0.11740281114704822
l_434,0.8403967582241415,8.512264559677817
l_435,0.3705241555839037,3.7529880433379676
l_436,0.6831143840121507,6.919174062815966
l_437,0.7249982146983592,7.343410134923298
l_438,-0.011376640968821843,-0.11523336650952481
l_439,-0.9313499628625984,-9.433521334781746
l_440,-2.2523009036781994,-22.813254972441612
l_441,1.3864121793377866,14.042787490798922
l_442,1.4138667967693834,14.32086806562998
l_443,3.068604110372336,31.081482739126997
l_444,1.6994921314708398,17.213930491485925
l_446,1.0102411682536703,10.232598648392374
l_445,0.11778272358083502,1.193003787478167
l_448,2.0050180770895225,20.30856046673963
l_447,1.7873516269317373,18.103846462446295
l_449,1.784718414191011,18.07717530301255
l_450,0.7808353434234439,7.9089756688191
l_451,-0.737082416551542,-7.465809059900599
l_452,-1.3432413188600554,-13.605513086564903
l_453,-1.3419323652832416,-13.59225493555488
l_455,-2.125092736176811,-21.524781792271508
l_454,-0.057240512000890746,-0.5797758993777854
l_456,-1.8919276904292066,-19.163081812954108
l_457,-2.0187089950190527,-20.44723600538398
l_458,-2.4165187607310745,-24.47659983998434
l_459,-1.5604922415365787,-15.806014987926845
l_460,-2.3472732447366296,-23.775219301568516
l_461,0.2755936634420262,2.791451492796676
l_462,-0.7439073273894389,-7.534937517902515
l_463,1.286651041132025,13.032313744939081
l_464,-0.8663797971931058,-8.77544715269528
l_465,1.674810621307087,16.96393500956091
l_466,0.28511512045155113,2.887892865373424
l_467,0.7148972588545498,7.241098444587694
l_468,-0.8432886087113387,-8.541558940515682
l_469,-0.751984859271006,-7.616754125027923
l_470,0.7049975286624987,7.140825828359716
l_471,-2.190788728810882,-22.19020571525171
l_472,0.3620088205856281,3.6667415605157445
l_473,-0.03454225015504894,-0.34987243431538995
l_474,1.3110973703915656,13.279929612206226
l_475,1.150246057019491,11.650689896177349
l_476,0.625254988666871,6.333122246881338
l_477,0.24812526694237505,2.513227553513121
l_478,0.5624340819227979,5.696819133461887
l_479,1.1349588132574642,11.49584461084922
l_480,0.08512544359046437,0.8622243292824279
l_481,1.3929635279402175,14.109142758839722
l_482,-0.4529451744156722,-4.587821920038894
l_483,2.0996908002303525,21.267486601169885
l_485,1.3006907301609574,13.174523228069049
l_484,1.4369611682198968,14.554789480047898
l_486,1.309909452350819,13.267898797930215
l_487,0.5335964025164447,5.404725855853302
l_488,-0.7919212745079038,-8.021263250330701
l_489,0.3703156726758334,3.7508773929864434
l_490,-0.7677824637778992,-7.776767502896025
l_491,-0.5447702849599112,-5.5179082369194905
l_492,-2.3385629792631457,-23.686989987089216
l_493,-1.1404644020298775,-11.55161290885789
l_494,1.8508319220019587,18.746829961262655
l_495,0.15043222314708526,1.52371072275354
l_496,2.401518928985882,24.324663413490708
l_497,-0.9925984804392693,-10.053896477797888
l_498,0.9478519673817387,9.600667112966283
l_499,-1.519600827394588,-15.391834547150612
l_500,0.8865165663911646,8.979408474243863
l_501,0.2809964884144742,2.8461741903362086
l_502,-0.17315442985782994,-1.753859938387054
l_503,-0.41139856856936396,-4.167001570330879
l_504,-0.7064353282144735,-7.155388412081041
l_505,2.4600961567316264,24.91798543005897
l_506,1.4327575089652957,14.512210086889873
l_507,-0.5415855878494401,-5.485651171121433
l_508,0.85993017157035,8.710118527535464
l_509,0.6502147967913166,6.585941413234895
l_510,0.5192412672144979,5.25932411915034
l_511,0.2953904309969482,2.9919700575179298
l_512,0.1315121023683904,1.3320679453493085
l_513,0.730631739631038,7.400471451634595
l_514,-0.4384768616967079,-4.441270640580972
l_515,-0.49881750194435576,-5.052455036817284
l_516,0.9129432810305362,9.247080027774238
l_517,1.2305320941287623,12.463895388112638
l_518,1.0033638307417754,10.162937765408733
l_519,0.18437030426423792,1.8674628599876488
l_520,1.2993682083805316,13.161125229685139
l_521,-0.7379330795937422,-7.474426478252915
l_522,1.5421151902434285,15.61987921883213
l_523,1.0654066242569278,10.79136217214382
l_524,-0.6947485911529463,-7.037011951342821
l_525,0.31924953262672434,3.2336380549261277
l_526,1.4604190724132882,14.792390574823905
l_527,0.12371292761560251,1.2530728952321026
l_528,0.7600931851352437,7.698882457060537
l_529,0.6234793085236005,6.315138655281602
l_530,0.6355218626701238,6.43711648000077
l_531,1.3937335283333332,14.116941364332208
l_532,2.455598410849354,24.87243006449983
l_533,1.901194559427366,19.256945913409695
l_534,1.840248795109866,18.639636036826314
l_535,0.7644030616327556,7.742536702618216
l_536,0.6190977124239194,6.270757672632519
l_537,0.28648705354224613,2.901790701048385
l_538,-0.07694794502062226,-0.779394870060953
l_539,-0.38651147867652474,-3.9149239260704953
l_540,-1.0469017521825645,-10.603926360489496
l_542,1.9617517522003722,19.870320254599502
l_541,0.03769999256454734,0.3818593644494245
l_543,0.08538364681153496,0.8648405398555393
l_544,-2.1956691774671513,-22.239638376508804
l_545,-1.0382565517733588,-10.516368057673915
l_546,-0.32833810685421116,-3.3256931226277167
l_547,0.3253635991254255,3.295564258051685
l_548,1.7537096068030051,17.76309157742116
l_549,0.16368052147776688,1.6578976223523387
l_550,1.295541741483592,13.122370583691177
l_551,0.3569513000768553,3.6155116291671305
l_552,1.6362191050271933,16.573044738455174
l_553,0.33757194316222394,3.419221455142189
l_554,-0.706314228585276,-7.154159687941953
l_555,-0.17504165217115544,-1.7729708196642129
l_556,-0.050367754623345806,-0.5101669409254355
l_557,0.07256918131694513,0.7350486256693566
l_558,-0.6409301384013616,-6.491899283417621
l_559,-0.576616652650202,-5.840474340618997
l_560,0.4134574185608842,4.187856181822931
l_561,1.7471365172656612,17.69651247360542
l_562,1.678057748962016,16.996823669200914
l_563,-0.022912592301599807,-0.23207665461281823
l_564,1.8147012391153479,18.3808683518577
l_565,-0.8278402355350418,-8.385083808977909
l_566,1.2058357586406903,12.2137544836422
l_567,-0.5735127271351148,-5.809035195952714
l_568,-0.07353348152429097,-0.744809801474335
l_569,0.6283568095039105,6.36454373168065
l_570,1.5981452393537088,16.187403195087157
l_571,0.7781566099017677,7.881842523205503
l_572,2.291658396112523,23.21190403508614
l_573,1.5567257143248343,15.767867646884259
l_574,0.12585210989730147,1.2747421373378889
l_575,-0.9761037542745641,-9.886824293019885
l_576,1.0990966967532867,11.132603908441181
l_577,-0.8278927664426344,-8.385613706701463
l_578,0.8814927613979961,8.928522176941804
l_579,0.4383695683578122,4.440188857926172
l_580,0.10779398337483205,1.0918310196174066
l_581,-0.13622990387561001,-1.37985385211104
l_582,-0.2780459602643496,-2.8162908125664914
l_583,-0.023864332091765084,-0.24171942732582855
l_584,0.3437461341628436,3.481757310489983
l_585,-0.537471557095375,-5.44397932755458
l_586,-0.9831311686326349,-9.958003128325322
l_587,0.8125224440516581,8.229934258174628
l_588,1.289973938492316,13.065973367661071
l_589,2.041596953561599,20.67906568093287
l_590,0.9057168600903881,9.17388412181087
l_592,1.5075240815719244,15.26950920734391
l_591,0.8823122308270229,8.936822887854902
l_593,0.23864676326725381,2.4172208033961886
l_594,-2.628309940834204,-26.621799113243448
l_595,1.2723682180483373,12.887649530968242
l_596,1.666070631975928,16.875405346366755
l_597,1.1902253106956941,12.055634359521786
l_598,-0.5328981386634292,-5.397651872096939
l_599,0.8378384017535611,8.486352620623888
l_600,0.46480185984877276,4.707915320480181
l_601,0.1581161049992197,1.6015363340710798
l_602,2.164727099910241,21.9262320067829
l_603,1.234165866228412,12.500699410786513
l_604,-0.9885853947716098,-10.013249694528284
l_605,-0.7847213937055026,-7.948337373950405
l_606,0.1454735774968557,1.473482854745711
l_607,-0.795254420092774,-8.05502935794066
l_608,1.7664346993892335,17.891982087991643
l_609,1.406147653724541,14.242683030982326
l_610,-2.758412037664169,-27.939586894772102
l_611,0.41900081628489755,4.244003627005563
l_612,-0.48342220392731955,-4.896519689770243
l_614,0.16130774846134266,1.63386528482246
l_613,0.9142776717816645,9.260596677071202
l_615,0.6723989799655328,6.810639799949217
l_616,-0.7273060272254166,-7.36678848739031
l_618,-0.34581640021204213,-3.502729621640386
l_617,-0.06316794280368343,-0.6398207923641228
l_619,0.8591051859084726,8.701760432783056
l_620,2.308491516566165,23.382401008727395
l_621,0.3271033464192626,3.313185536160854
l_622,-0.08509581163195189,-0.8619238780479791
l_623,0.5333078728343147,5.401804101799964
l_624,1.8551988655131693,18.79106283222873
l_625,-1.2576503583546996,-12.738570045727453
l_626,0.491165830232781,4.9749508057271425
l_627,0.5044500632549016,5.10950735023979
l_628,-0.19692964443107638,-1.9946746330703926
l_632,0.8241123514452149,8.347321569988393
l_630,1.1270526793285651,11.415765951547545
l_629,0.8850984997430715,8.965043734072266
l_631,1.0332795414979281,10.465951249444258
l_633,1.0603644215028383,10.740289755403564
l_634,1.2783025971639337,12.947756509296243
l_635,0.012802547315332969,0.12967435388693874
l_636,1.625619324348651,16.46568049623638
l_637,0.4195870183528319,4.249939139197653
l_638,2.278967059430527,23.083352926078128
l_639,1.7209883518274698,17.43166147032353
l_640,0.13798424004872498,1.397624423546046
l_641,0.2720229831520841,2.7552845695912045
l_642,1.0344670297752916,10.477976852091915
l_643,1.9987693935583892,20.2452666514176
l_644,1.7653177189106262,17.88066640076524
l_645,-0.7788777183517349,-7.889147166823286
l_646,0.4344534034142981,4.4005209513200265
l_647,1.7588474412217785,17.81513400034392
l_648,1.7749626018125553,17.97836111840966
l_649,2.2385592986544234,22.6740670286379
l_650,2.0336312160221697,20.59837782039543
l_651,1.9305845399313177,19.55463264403833
l_652,0.7413304575166907,7.5088364544251345
l_653,1.451106222998958,14.698062566907522
l_654,1.1608854990304052,11.758456156934335
l_655,0.20341263437358392,2.060339930695484
l_656,0.4354215736328168,4.410327578525857
l_657,2.0033968302041916,20.29214028307569
l_658,0.3211492538680338,3.252877673820586
l_659,1.8959058460703835,19.203378454955637
l_660,1.5961873479166981,16.167567234425324
l_661,1.9295867666962128,19.54452518940927
l_662,0.43271409479775436,4.38290342317855
l_663,0.6517837269518042,6.601828197992639
l_664,0.3916793583193554,3.9672686463054583
l_665,0.7350910478441203,7.445638316766309
l_666,0.8153029775988998,8.258095319859304
l_667,2.087835595048857,21.147407951909347
l_668,2.01585644413182,20.418341537808185
l_669,2.5233142283094807,25.558314603718255
l_670,1.822648925477996,18.461368149775716
l_671,1.6560932832221946,16.774348433387217
l_672,0.16533048238782533,1.6746104882440012
l_673,0.19259822050760592,1.9508019392506561
l_674,1.5952529845448957,16.158104045582004
l_675,0.8813406113094007,8.926981298738275
l_676,1.8512550977027293,18.75111656062479
l_677,1.50078990557833,15.201300849386167
l_678,1.2609664469263135,12.772160832052265
l_679,2.4409091161082346,24.72364348014643
l_680,1.6023548476072622,16.230039015006163
l_681,1.399947770943197,14.179884734413132
l_682,1.2132557097080714,12.288903857245414
l_683,1.2523468127978918,12.684853857786218
l_684,-0.36998646941945507,-3.747543718822964
l_685,1.3731011333771834,13.907957816691244
l_686,-1.2703374992050058,-12.867081126786013
l_687,-0.5376338007059346,-5.445622514831704
l_688,-0.3923385426534177,-3.973945089592105
l_689,0.6045403039489076,6.123308194027451
l_690,0.705782917454768,7.14878114437058
l_691,0.026588347104339754,0.26930982409356485
l_692,0.5731764513463894,5.8056276875992845
l_693,0.5999453400407738,6.076766968818403
l_694,0.9919032514879013,10.046855708852748
l_695,1.9406273772834308,19.656356331993763
l_696,1.6631551135188734,16.845876555056417
l_697,1.603163071133982,16.23822515681328
l_698,1.7923030446621502,18.153998882493227
l_699,1.0491531736266926,10.626735566897455
l_700,0.6916153547285773,7.005279497554007
l_701,0.043524829962255575,0.4408577015065269
l_702,0.2696742165245654,2.7314945072431716
l_703,0.1174624337395543,1.1897616916950864
l_704,-0.010315212152396903,-0.10448140461404701
l_706,1.7865136426474233,18.095358843634173
l_705,1.8189829272907054,18.42423602272204
l_707,1.7640286544527666,17.867611503984776
l_708,1.639666850759118,16.607967245782532
l_709,0.990342299999747,10.031044246854673
l_710,1.5521955250271726,15.72198171690541
l_711,1.1902610923634098,12.055996072879704
l_712,-0.10982256811688165,-1.1123794539270495
l_713,0.2782388441765576,2.8182441582995983
l_714,0.04602311697192224,0.4661611828015205
l_715,2.152055362314201,21.797882095252458
l_716,0.5135992392805866,5.202179205217782
l_717,2.152850998528523,21.805940566785196
l_718,-0.33727674721017253,-3.4162322675462904
l_719,0.34631313721643947,3.507758730721452
l_720,1.0751805713402327,10.890361317737284
l_721,1.4834925703070123,15.026098690124998
l_722,1.2704501729348374,12.868220700809031
l_723,0.6735406001398443,6.822202729361284
l_725,-0.9060323266301303,-9.177080600691246
l_724,-0.587512927254359,-5.950840072818653
l_726,1.8238935452786735,18.47397488387825
l_727,0.37038366297433306,3.7515649102871365
l_728,-0.18597794186622574,-1.8837457630775971
l_729,-0.15263249455578787,-1.5459944007487623
l_730,-0.07194894331576561,-0.728761447742884
l_731,1.4986998077667106,15.180131292959425
l_732,0.9711185516823774,9.836331822174841
l_733,1.6189492395739382,16.398122030312447
l_734,1.1168800869368853,11.31272956883226
l_735,1.0280457030382126,10.412938546791048
l_736,0.8920662416487908,9.035618894581829
l_737,0.4160341037216429,4.213954394036969
l_738,-0.9437428967943122,-9.559045898424182
l_739,-0.5501090477392755,-5.571980879494677
l_740,-0.5040657233120742,-5.105616236573953
l_741,0.7852529185172521,7.953722527244078
l_742,0.8496159446814014,8.605646625905722
l_743,1.1603155006739965,11.75268112179974
l_744,1.3555673395595504,13.730360767768191
l_745,0.24386298657859445,2.4700552847883523
l_746,0.5434162720056983,5.504190580598004
l_747,1.8313004752259938,18.548999151734353
l_748,1.6609601745269875,16.823645029288777
l_749,1.914038854129044,19.387045975026837
l_750,0.4359852569565337,4.416037965124901
l_751,1.2337062264774163,12.496046501808815
l_752,1.072996498924716,10.868237791422262
l_753,0.6022183806709731,6.099789725723926
l_754,-0.32658994628399945,-3.307985797451636
l_755,0.2965280337660005,3.0034894584655487
l_756,0.8023922228200576,8.127323934574738
l_757,1.099229716028014,11.133950991872277
l_758,1.4121644560224385,14.303625277980508
l_759,0.3170444961705601,3.211301557336787
l_760,0.007910997831688166,0.08012963938762661
l_761,0.6302971390014221,6.384195332866861
l_762,0.9720356085914131,9.845619471231531
l_763,0.23750162232308095,2.4056230494616178
l_764,1.180806343100878,11.960229676733707
l_765,-1.045292855544275,-10.58763430775257
l_766,-0.7400885803777396,-7.496261213807072
l_767,1.2405363940940304,12.565227194559638
l_768,-0.5911655306150047,-5.987837087238686
l_769,0.2948299824665679,2.9862930254273428
l_770,0.6250500682320411,6.331048356803529
l_771,0.30978319008977223,3.137752453225405
l_772,0.6528365805942793,6.612494615386387
l_773,0.1620453601801551,1.6413361415083483
l_775,0.35021938772552647,3.5473261585253852
l_774,0.20780826677808978,2.104861633943381
l_776,-0.46621685997606804,-4.722248707876067
l_777,-0.6813600817046593,-6.901405181457199
l_778,-1.8266643483431033,-18.502039274492454
l_779,-1.0443860929363284,-10.578447129809897
l_780,-0.48503091171642737,-4.912813812282923
l_781,-0.4087357851578522,-4.1400289877196155
l_782,1.1612008277907877,11.761649388574765
l_783,-0.1599120577829889,-1.619728330448459
l_784,0.5318198384057446,5.386732137711525
l_785,0.32761317450318633,3.3183503015135214
l_786,0.6557082298878572,6.641581706585472
l_787,0.6889858249034796,6.978645774448271
l_788,0.6525115253429349,6.60920270956125
l_789,0.3760659057999971,3.809123529824465
l_790,1.324902976986513,13.419764377821737
l_791,0.9667312445620478,9.791892317301874
l_792,0.1055910113343145,1.06951625171101
l_793,-0.06448295209273922,-0.6531409762606117
l_794,0.047272806153192334,0.4788194501307823
l_795,0.33631171136421795,3.4064574199843074
l_796,1.1312162387714184,11.457937374050855
l_797,1.3633807688576354,13.809500383916056
l_798,0.9579373329629977,9.70281826470114
l_799,0.068835933659436,0.6972270823362419
l_800,-0.5795021925534255,-5.86970028930159
l_801,-0.15401156920440948,-1.559963504114858
l_802,-0.11987935050929849,-1.2142419093669141
l_803,0.04637310050212067,0.4697059382696049
l_804,-1.6694619257549375,-16.909756310552336
l_805,0.2878637006267794,2.9157354051650772
l_806,0.6961785755901944,7.051499085641689
l_807,0.592550545953382,6.001865785247808
l_808,0.6138504355617596,6.217608898346152
l_809,0.23204297912017355,2.350332283597089
l_810,0.8923213997685606,9.038205221334305
l_811,0.8433763712157176,8.54244627711542
l_812,0.7904987343652649,8.006856863886197
l_813,0.1874355331981145,1.8985097435918559
l_814,-0.7806145241624589,-7.9067420366656425
l_815,0.15214881936298816,1.5410934669166816
l_816,0.2695311451689757,2.7300449527065442
l_817,-0.3418383738654746,-3.4624344340988396
l_818,-0.05850765358325099,-0.5926157875004163
l_819,0.6077601368383644,6.1559211599071215
l_820,0.34392268322261316,3.483547140972561
l_821,1.2876592686221857,13.042529150487479
l_822,1.6273181989183698,16.482888772708414
l_823,1.7790258350070725,18.01951524796606
l_824,-0.5670220374671936,-5.743290563519225
l_825,0.2075460557015235,2.1022053506535086
l_826,-0.7907641831677312,-8.009545639582148
l_827,-1.3594971931887927,-13.770164685434631
l_828,-0.7031700839467093,-7.122316583517414
l_829,-0.6658819433822678,-6.744629123975229
l_830,-2.6739322411804034,-27.083904926239494
l_831,-0.19760008356339928,-2.00146466064487
l_832,-0.21265563038113236,-2.153960703023416
l_833,-0.4285762026721006,-4.340990151945003
l_834,-0.36759148720835605,-3.7232849902787297
l_835,-0.3996431580338413,-4.0479325682805705
l_836,0.04183337787340426,0.4237249839754635
l_837,-1.4583864287081778,-14.771802142783292
l_838,-0.6859366283576861,-6.947760861485739
l_839,-0.6977696734589486,-7.067616588862695
l_840,0.4076842894580544,4.129380477253804
l_841,-0.012794614935612998,-0.12959562073480688
l_842,-0.368040601713058,-3.7278303171138396
l_843,-0.05581178835850114,-0.5653099026302283
l_844,0.05741011369920367,0.5814997218663114
l_845,0.5252799729552855,5.320490416019477
l_846,0.5208405997384137,5.275525827650301
l_847,1.2147679720239628,12.304222764341958
l_848,0.5494924465880223,5.56573895372229
l_849,0.6547430861099329,6.631805296195372
l_850,-0.07666297619158868,-0.7765106390467917
l_851,0.9895177792815124,10.022694292304895
l_852,1.445894507632594,14.645271727769352
l_854,1.2661565053925685,12.82472901804726
l_853,1.362199257293235,13.797534461913594
l_855,-1.2626746402294153,-12.789467302496409
l_856,-2.5802829458584235,-26.13534271080194
l_857,-0.8718740903671457,-8.83109679985617
l_858,0.9745087123312266,9.870670441469057
l_859,-0.47086012139187505,-4.769279430986093
l_860,-0.2204573843354006,-2.2329835453572446
l_861,-0.3342805851137748,-3.3858827067211648
l_862,0.8162080944803843,8.267263092638784
l_863,-0.14082882756664622,-1.4264358078143782
l_864,0.1972269649413418,1.997686058087421
l_865,-0.6118724817800655,-6.197575347459011
l_866,0.5646741092298999,5.719508836695823
l_867,0.6450005864512242,6.533127344209727
l_868,0.6307685484562069,6.388968861967825
l_869,-0.09212466871509817,-0.9331187764711238
l_870,0.42939444903048607,4.34927888874882
l_871,0.1380755245135477,1.3985478235335889
l_873,-0.42274891079914345,-4.281969493869123
l_872,-0.03882803646085586,-0.39328389241569295
l_874,2.8301148977352777,28.665855527972308
l_875,-1.1538943129948604,-11.687639425004493
l_876,-2.057107028429905,-20.836162787831793
l_877,-0.7041480121679035,-7.1322210823014185
l_878,-0.6032387376814209,-6.11012555606545
l_879,-1.0341857111531636,-10.475129282732178
l_880,0.500082138385023,5.065263818349132
l_881,-2.5794896523799857,-26.127304534289067
l_882,-1.27234615147709,-12.88742478041135
l_883,-1.917468878168009,-19.4217844835766
l_884,-0.6697729763493362,-6.784040560791758
l_885,-0.34567875855339725,-3.5013349473792155
l_886,-0.2734560550104494,-2.7698000127247893
l_887,-0.3205365513570966,-3.2466714102017256
l_888,-0.09811342845076,-0.9937758953426444
l_889,0.5645939473838926,5.718696567697844
l_890,0.8328601762921878,8.435928956059689
l_891,0.2893070769946162,2.930353221339408
l_892,0.400054395174298,4.052099289508034
l_893,0.4955978441247749,5.019842944211758
l_894,0.22367617921259486,2.265587157805811
l_895,1.7876648646656608,18.107021438474355
l_896,0.713522369128292,7.227170964093852
l_897,0.6782511297759735,6.869915637106743
l_898,-1.1018546616709377,-11.160540508291204
l_899,1.0389438198239715,10.523322590033118
l_900,-0.8325872964413896,-8.43316663320225
l_901,-0.5538715694848624,-5.6100926271323726
l_902,1.7935229801339119,18.166353037866536
l_903,0.7225759475034644,7.318875006661235
l_904,-0.12447858979295218,-1.2608270679908502
l_905,-0.3215477015535583,-3.256913951963042
l_906,-0.6283522984445697,-6.36449688979354
l_907,0.5009768515834537,5.074327534507539
l_908,0.022311850817521447,0.22599282329948486
l_909,-0.6824337529170749,-6.912280090577
l_910,-0.298858478921248,-3.0270975533624926
l_911,-0.5296213577225664,-5.36446419978014
l_912,-1.2084168411558718,-12.239892926841696
l_913,2.617814908658728,26.51549688173984
l_914,1.7524142612290405,17.749969641029946
l_915,-0.7419166796165303,-7.514773855103414
l_916,-1.7785769423470645,-18.014969033234948
l_917,0.6757291646373407,6.8443704806403876
l_918,0.17642022381995054,1.7869364844011295
l_919,0.2597748157553391,2.631223969996918
l_920,0.5783233457536395,5.857759619986896
l_921,0.4809165898524285,4.87114035720327
l_922,-0.3838556425435555,-3.8880234444062456
l_923,0.4957449858885019,5.021334213967692
l_924,0.3982550728565264,4.033871922486073
l_925,-3.0084338175842604,-30.47202425939402
l_926,-1.399734013466278,-14.177718691421825
l_927,-0.5633952338132598,-5.706555317336669
l_928,-0.6022095189270015,-6.099700035560711
l_929,0.1716565511236052,1.7386849323411078
l_930,-0.6324143885084558,-6.40564092837648
l_931,-0.07639677149421908,-0.7738132252681316
l_932,-0.11618684907284782,-1.1768414506510998
l_933,-0.9037075263699041,-9.153529494260766
l_934,-0.5749047949584198,-5.823134197276481
l_935,-0.7109080196693285,-7.200692736355985
l_936,0.7313953747688032,7.40820560147887
l_937,-2.4678392288435673,-24.996415422559878
l_938,-1.0911431564670697,-11.052044364755648
l_939,0.6567137493924959,6.651762874210088
l_940,-0.832152069175918,-8.42876033413591
l_941,-0.08873818710411166,-0.8988175716143524
l_942,0.9059923748480573,9.17667747784175
l_943,0.743189448588876,7.527670031005261
l_944,1.0478313093452587,10.613343178765367
l_945,-2.0430415738339667,-20.69369516204152
l_946,-2.7020075830145887,-27.36827470587957
l_947,-2.3298034605105107,-23.59826900676859
l_948,-1.59518598142581,-16.157425815886928
l_950,-1.3276153652896117,-13.44724020734392
l_949,-2.1896527914797117,-22.178701737792082
l_951,-3.0264187720208424,-30.654191739855865
l_952,-0.7504962893852359,-7.601678852226672
l_953,1.4400636685853854,14.586211786877158
l_954,2.43572599713334,24.67114154560951
l_955,2.99917270086492,30.37821988420189
l_956,-0.4851501162233331,-4.914020869843991
l_959,0.563148182152597,5.704052113920002
l_958,0.030943296923977334,0.3134202326099209
l_957,0.7458707939498306,7.554829279792492
l_960,0.47123384882286184,4.773065089161154
l_961,0.35712567252678074,3.6172774922491095
l_962,-1.4555586336996436,-14.743158336443013
l_963,-0.3511662572076922,-3.556916134366629
l_964,0.9827854537585677,9.954502592803134
l_965,0.941470339143462,9.536027059696782
l_966,-0.052396542383040964,-0.5307186899608146
l_967,-0.4431884379591178,-4.488999386840483
l_968,0.2833690968663753,2.870207027978511
l_969,-0.8925248928380843,-9.040267051638258
l_970,-0.140471648072243,-1.4228190146122346
l_971,-0.045557526110751034,-0.4614464626659127
l_972,0.10583125920574733,1.0719502214170513
l_973,0.16550758771242394,1.6764029369346265
l_974,-2.1793524680716563,-22.074369922755327
l_975,0.0819483196181669,0.8300428695795199
l_976,0.6420461204403013,6.503199368382832
l_977,-0.07093769299075603,-0.7185207889307658
l_978,0.31676047421541303,3.208424406283407
l_979,-0.5929962927856369,-6.00637996370897
l_980,0.9814735262611971,9.941213744159372
l_981,0.7240915717211358,7.334226134869277
l_982,0.2635790343284008,2.669755613201665
l_983,-0.6606953267240513,-6.692094467975632
l_984,1.1342706290256999,11.488875561053923
l_985,0.7047708629901244,7.138528939991738
l_986,0.15764879085001782,1.5968033949610103
l_987,0.8145690294964916,8.250660450120801
l_988,0.9469490109024558,9.59152010266926
l_989,0.45200166415109555,4.578264630004971
l_990,-0.17255345180993037,-1.7477715828607414
l_991,1.0510075277448523,10.64551325602019
l_992,-0.02987542869650246,-0.30260387156185553
l_993,-0.8590855945134586,-8.701563816405107
l_995,-1.1731553350268735,-11.88273461784837
l_994,-1.0328158017372742,-10.461253903422817
l_996,-0.05300527282858518,-0.5368839058040831
l_997,0.2540814039019242,2.5735562369218936
l_998,0.38055475880501144,3.8545880463430207
l_999,-0.09201524443191478,-0.9320097137181891
l_1000,0.3694437576501843,3.7420462390109863
l_1001,0.17970624589398546,1.820220602760556
l_1002,0.545805330831507,5.528389021200805
l_1003,0.40123654246845947,4.064071468943224
l_1004,0.7808493654477835,7.909118583922289
l_1005,1.2719965637084119,12.883882969972893
l_1006,1.3074748998235841,13.243238021239993
l_1007,0.7077694965552243,7.168902283756136
l_1008,0.34092674029479764,3.453200464919059
l_1009,0.865466528406197,8.766194237468275
l_1010,0.2822201478367675,2.8585701614980703
l_1011,1.1700698533135998,11.851480688795005
l_1012,0.7795673236425965,7.896133008943535
l_1013,0.5944489582480478,6.0210938939898035
l_1014,0.9677585839345791,9.802297307868514
l_1015,-0.638402100226574,-6.466289872730932
l_1016,0.9625601268844055,9.749642858068722
l_1017,0.9307381857528939,9.427322779743777
l_1018,0.4964481880537226,5.0284572475602864
l_1019,0.043765847448474074,0.44329822998771046
l_1020,0.3322334634779481,3.3651476487642147
l_1021,-0.4183493285562948,-4.23740522836605
l_1022,1.4882539787426587,15.074325080207656
l_1023,0.6568020791392348,6.652660704033219
l_1024,0.8590090238235152,8.70078685067596
l_1025,1.046994558228031,10.604868694889175
l_1026,1.1851434259074924,12.004158604253963
l_1027,1.0613326639169458,10.750096304104208
l_1028,0.2544290697130337,2.5770777088696857
m_331,0.5961387327847286,6.038209729768798
m_449,0.05802902964880109,0.5877669425979066
m_636,0.41303883509545136,4.183614198984104
m_649,0.18264386114409675,1.8499744345092473
m_555,-0.018726069723119857,-0.18967489421147182
m_648,-0.5914917144543222,-5.9911422616034535
m_598,0.09572551570627474,0.9695901455273801
m_309,0.6608268208025225,6.693425359394199
m_644,0.6295534776328704,6.376662246249747
m_516,-0.28029700437782834,-2.8390916774939674
m_272,0.5560463683608916,5.632118585686709
m_389,1.1188190203806605,11.332367644753365
m_418,-1.4926663834664637,-15.119021160777292
m_575,1.000164510784263,10.130531698342253
m_282,-0.5647233048373874,-5.720008351062408
m_395,0.46676254300795594,4.7277740243458535
m_659,2.3103193411046434,23.400915009500018
m_72,0.5742491627544012,5.816491747569921
m_160,-1.9387322685833819,-19.63715879551221
m_572,0.3840799693847805,3.8902933224117193
m_568,0.016158069164503817,0.16366190051505913
m_121,-2.0577839516166065,-20.84301828886621
m_205,-1.8851520291844128,-19.09445574871673
m_149,-1.5331077279585947,-15.528643547382575
m_173,-2.292390492547209,-23.219320528023864
m_51,-0.053350659972809106,-0.5403820287063068
m_47,0.5227299362288504,5.294660116958155
m_54,-0.6082827719370067,-6.161217101638095
m_300,1.3748309570595314,13.925480225298655
m_14,-0.450457810535672,-4.562627213186721
m_111,0.7527562666680344,7.624566890296943
m_258,0.8685906727570851,8.79783894286086
m_20,-0.3042122123492581,-3.081325244492562
m_158,-0.813370185175462,-8.238518741394849
m_11,0.6668228714768036,6.754159153982155
m_10,-0.006628474089602718,-0.06713922326976342
m_27,-0.45726430567559884,-4.6315692361306455
m_3,0.1408151825833028,1.426297675981583
m_16,-0.5939897971082084,-6.016444209786982
m_22,-0.6838666774164038,-6.926794894133636
m_194,0.5473565481406691,5.544101221011699
m_685,-0.6759878844296914,-6.846992570854391
m_1,0.14866048115990071,1.5057622940168294
m_503,-0.40699604425459557,-4.122409812319859
m_119,0.4522642189165951,4.580923619297376
m_292,-1.053876010584242,-10.674569753694163
m_126,-0.6445325164706982,-6.528384015926557
m_45,-1.3071376318756411,-13.239824218856448
m_73,0.10620089513329706,1.0756937784085587
m_6,0.1278480722853509,1.2949555814961566
m_316,0.2859344415652601,2.8961906143715734
m_486,0.32593867683980543,3.3013892509531173
m_40,-0.10210853540546701,-1.0342433710957444
m_342,-0.6250860491548769,-6.33141359371375
m_238,0.29613631052738404,2.999523947544965
m_55,0.056115433311938294,0.5683853428414206
m_50,-0.40479120932648194,-4.100076710645075
m_378,0.7577247661532176,7.674892541833267
m_420,0.8645982264626941,8.757400558499096
m_263,0.4879118408793599,4.9419928702853495
m_592,0.23260814246137146,2.356058179364694
m_370,-1.5466191550257986,-15.665498409486785
m_26,0.702844040689682,7.119013640991548
m_17,0.30817253234973596,3.121438511481081
m_490,0.49858660927748627,5.05011758099504
m_328,0.3828854374389173,3.8781948024031245
m_385,-0.2893535493484233,-2.930822649380146
m_259,0.23361382921520543,2.366242022059793
m_244,1.5058772744525935,15.252828011241617
m_392,0.619200209022871,6.271796694188827
m_161,0.30374739332753814,3.0766191647104053
m_336,-1.0361266503432198,-10.494787109278889
m_439,0.6829958002991785,6.917973798465812
m_58,0.8481795967110245,8.591098806007944
m_124,0.0879172660458419,0.8905019777502333
m_647,1.0784313943707395,10.923286739533967
m_178,1.2259884981593785,12.417873662291512
m_593,1.06053318041426,10.742000426837924
m_76,0.6238618033396984,6.319012765192911
m_144,0.5873655368925563,5.949348130464307
m_86,-0.0976428950797602,-0.9890140304120668
m_222,0.48536296596237977,4.916175670136103
m_360,1.243458809619562,12.594827368977176
m_357,1.4831616358041948,15.022743349352767
m_415,-0.5016574952917011,-5.081221308417586
m_346,0.9990061336105654,10.118799133952605
m_235,1.0708622671885808,10.846621966692775
m_371,0.9876333739843038,10.00360646256594
m_181,-0.5057241753486851,-5.122413561183302
m_64,0.6840803734765882,6.92895882946942
m_290,1.2322787896352454,12.48158772749527
m_82,0.3683457358043282,3.7309238786076593
m_373,0.7827210006889742,7.9280771680192
m_189,1.0569748670739083,10.705954541226806
m_372,0.7237039717266225,7.330301544569398
m_68,0.7957617208160682,8.060165014401543
m_458,1.2504950967451223,12.666097849522886
m_67,-2.205548826778793,-22.33971027323221
m_206,0.5685954564352692,5.759226034949168
m_656,1.3489916330533096,13.663756914925859
m_118,1.967778859941677,19.931368197078434
m_108,-0.4299603778022739,-4.355011261363016
m_428,0.8272870882201055,8.379480830804942
m_155,1.9937266578706117,20.19419117982272
m_281,1.8567688680794905,18.806965590299015
m_152,2.1611408538280963,21.88990516220802
m_136,1.0599557668315038,10.736151729016338
m_153,0.7186866655454499,7.2794819058218625
m_94,-1.52861158050415,-15.483104405773963
m_166,0.23146491533753752,2.344477115369783
m_62,-1.251786660993303,-12.679178170715128
m_218,-0.5305574169652387,-5.373943888860187
m_377,-0.532304972450402,-5.391645445792646
m_688,-0.687015364474515,-6.958686281281194
m_520,-0.8421669820261477,-8.53019334335464
m_502,-0.2973915975765048,-3.012238798231382
m_412,0.6396410112360312,6.47883921798875
m_424,-0.8157331090003024,-8.262451953300125
m_224,0.34330552601864084,3.4772954839672634
m_545,0.15412072053686968,1.5610682233819944
m_364,1.0857611643595766,10.99752978169217
m_134,1.0992436404770278,11.134092395125007
m_437,0.7789064628253926,7.889440583844913
m_440,0.4655342076510776,4.715334143327164
m_454,1.276247624967154,12.926942528002101
m_684,-0.607145508350556,-6.149697094401105
m_455,-0.6305858224380169,-6.387119893589893
m_700,-0.42597613046901495,-4.314652853830553
m_468,-0.32327071234108024,-3.2743650311982813
m_137,-2.6675297925017234,-27.0190542951333
m_663,-1.8654296780608366,-18.89468844792351
m_491,-0.36641903632251005,-3.7114092795218263
m_582,0.19243839877939567,1.9491816602917174
m_573,0.1803592729488172,1.8268355502290827
m_518,-0.1340998913521119,-1.3582788273144475
m_514,1.27065492629723,12.87029537307797
m_463,0.5111490665411028,5.1773620075773215
m_230,0.6376098970782124,6.458267292352074
m_679,-0.907011936099773,-9.187001871235829
m_530,-1.4457798434389886,-14.644110394001713
m_284,-2.677931315659268,-27.12440726954334
m_539,-2.194306781173179,-22.225838177014946
m_529,-2.7075079025932354,-27.423985318964498
m_554,0.9385113407411789,9.506056590476662
m_567,1.3728825847211956,13.905745056188643
m_668,-0.4289839502123293,-4.345116411287225
m_553,-0.33590319404096397,-3.4023188985382298
m_464,0.3810339829957924,3.85944311932338
m_419,-2.0541893222223844,-20.806611200974892
m_237,0.45139129928443933,4.572083333530352
m_220,0.8135622342987805,8.240463704586247
m_273,1.0740026157400444,10.87842946588732
m_145,1.6123317365692278,16.331093489829648
m_467,0.6866643419494427,6.9551329888273665
m_398,1.864318533013969,18.883433917044048
m_513,1.608082441654891,16.288051401190586
m_538,1.4694141356784012,14.883500310686005
m_44,1.5020346782241503,15.213909137143885
m_403,0.16474153851395268,1.6686438869311833
m_531,1.7760803983246392,17.989681899856567
m_46,1.7919369376550764,18.150290355045225
m_353,2.0188692670935637,20.44885769077889
m_351,0.09116329251571567,0.9233821491314577
m_512,1.411097413537604,14.292817846744393
m_81,1.2657356769201005,12.820468562950815
m_23,1.2739572828904522,12.90374410864885
m_110,0.7676176479632956,7.77509758826938
m_201,1.2348784436360178,12.507919861779502
m_142,1.8267445499455315,18.502852196580136
m_367,1.7219742694358684,17.441647334174455
m_225,2.0963336024269448,21.23348355353496
m_632,1.5689010048124905,15.891188335118034
m_103,1.7017276509115733,17.23657262645861
m_188,1.6028108983698084,16.23466066230941
m_295,1.7874775263991796,18.10512192811475
m_270,1.79687864931962,18.200344457814612
m_354,1.4396600488005566,14.582126070862236
m_211,1.2378572860970056,12.538092994947574
m_332,-0.02179700591371219,-0.2207778218335255
m_175,0.9732930105485823,9.858355733911077
m_57,0.3824523574363319,3.873810069921848
m_397,0.7837808854124801,7.938812755429699
m_164,1.291889546897148,13.085378225264789
m_174,-0.25433797575224215,-2.576154151732914
m_308,-0.49484656855901316,-5.012233415337308
m_255,-0.11992281406389006,-1.2146801033449228
m_107,1.8802975338460015,19.045283213615317
m_620,0.7982790948275194,8.085662260584142
m_654,-1.642864809603376,-16.640359646845024
m_388,1.571946003381895,15.922032163145378
m_407,1.2851271679605023,13.01688137440785
m_229,1.3893162237255539,14.072198086089832
m_703,-0.3277758112444672,-3.319996889662934
m_262,1.4501909652368674,14.688789983538838
m_335,1.1061836749526475,11.204389577847909
m_546,1.0165679846423825,10.296680129665932
m_629,0.018247989852526635,0.18483085945033156
m_446,0.34718260265194806,3.516567801665522
m_338,1.4623478767716631,14.811926968822112
m_61,0.5126629475590673,5.192693002879851
m_487,-0.7807861314158356,-7.908479701349619
m_186,-0.4786183570123968,-4.847862345325916
m_172,0.19742226582277528,1.9996626134008868
m_382,0.5036200922266897,5.10110016145871
m_461,-1.1449465376103878,-11.59701007874627
m_311,-2.348950144013285,-23.792202066869958
m_167,1.8593382490574397,18.832988600283972
m_669,0.26633663239196226,2.6976860121682584
m_526,0.009486940583409162,0.09609024747074274
m_601,0.3953930187299931,4.004883300423663
m_528,0.24012241742303184,2.432167246050076
m_406,2.0975513539559096,21.245816132194605
m_580,2.7850870207294283,28.209774661880544
m_608,-0.5886892295277762,-5.962755552449866
m_652,0.38046783533692025,3.8537076136940294
m_687,0.10191818576647294,1.032315556702335
m_638,-0.7367002352690603,-7.461939233540972
m_148,-0.8060919938790672,-8.164797019595275
m_563,0.1306059052639063,1.3228916881035406
m_533,-0.13795119554473917,-1.3972882123913264
m_704,-0.9987403055700547,-10.116109296606208
m_349,-0.10997188446407087,-1.1138917060291587
m_302,-0.664152350459855,-6.727112151078572
m_416,-0.22421534809297014,-2.271045173253434
m_470,-0.45153940940694887,-4.573583969611645
m_299,-0.7485749277122588,-7.582214551063763
m_330,0.05805267354571777,0.5880085239214379
m_612,-1.9540684864787121,-19.792500531657407
m_610,0.2782897308824695,2.818760117851747
m_613,-1.7561345149002552,-17.7876512956055
m_515,-0.7189124209412976,-7.28176885251164
m_114,-0.528691190554314,-5.355044496338146
m_697,-0.5783731832107059,-5.858264715432411
m_179,0.4474171544736338,4.531828469605008
m_19,0.1922631437895398,1.9474078458849644
m_672,0.4630869494090995,4.690547234788864
m_170,-2.7016474197210893,-27.36462419986289
m_34,-0.7260051723052949,-7.353609021531133
m_386,1.4653466335951326,14.842302081388926
m_120,-0.28531015354655714,-2.8898679331025594
m_334,-0.015090745699475994,-0.15285185419986946
m_123,-1.8182880773600854,-18.41719489476472
m_615,0.7044835444068116,7.135619108228976
m_655,-0.1711332077322641,-1.7333864657297389
m_182,-0.08322119132698103,-0.8429358891268491
m_283,-0.9323157169649454,-9.443299397848467
m_129,0.597623982251639,6.053256740310455
m_702,-0.03820940159926872,-0.3870187666711467
m_692,0.903547439645052,9.151912436611457
m_599,0.6802932925241554,6.8905996822142335
m_607,-0.39270026129317853,-3.9776065679398664
m_560,-1.6714737561985886,-16.93013679271039
m_571,-1.4990265011193782,-15.183439256336985
m_678,0.3177607296043628,3.218553581397605
m_452,0.3063708276537249,3.10319029887778
m_350,-3.9488312723361516,-39.997186194870714
m_4,-1.9891939139353458,-20.148280677602116
m_112,-0.04253036111921998,-0.43078368478277623
m_115,0.7033413136278313,7.124053618067678
m_535,-2.1021339870310753,-21.29223659315069
m_356,-0.3486641087621757,-3.5315722746757805
m_38,-1.1319562572932154,-11.465433983743479
m_622,-0.2993030773084876,-3.031600002492317
m_326,-1.9041916889148527,-19.287302904688175
m_190,-0.2438841562253219,-2.4702707233514847
m_589,-0.7780069002353188,-7.8803278431759685
m_198,-1.861322363135013,-18.8530869297071
m_562,-1.2563830816996293,-12.725735189841195
m_540,-0.8677237680109349,-8.78905922554348
m_497,-0.45237793241680413,-4.5820696888094306
m_241,-0.10946741194702422,-1.1087817039100847
m_156,-1.3526787470127282,-13.701102629743177
m_105,-0.6682563252567024,-6.768681026926076
m_310,-0.946678173070402,-9.58877783545185
m_381,0.15301751834885477,1.5498932640374687
m_536,0.24571987539052173,2.488860086206849
m_591,-0.39964449914759226,-4.047946473873982
m_585,-0.9190065696950809,-9.308495474192593
m_131,-0.12689373483278688,-1.2852898053865955
m_361,-1.8381581248003922,-18.618458592569745
m_680,-1.3851385906191547,-14.029884381882184
m_279,0.07803364544824344,0.7903920844854851
m_492,-0.9944015039496094,-10.072160727800174
m_366,-1.1696685594946987,-11.8474176035441
m_483,1.8008671764188073,18.240741146919312
m_476,1.0933290988828617,11.074184281454109
m_683,-1.0343868477324982,-10.477166596380565
m_374,-0.09924420241871468,-1.005230720163226
m_77,-0.5607862082319229,-5.68012949826283
m_445,-0.8019067187906579,-8.122406424841484
m_646,-0.9389765341226127,-9.510765974877584
m_496,-0.06974329452464871,-0.706419851567714
m_475,-0.37573520822704337,-3.805772543887272
m_696,-0.5672464693624908,-5.7455648004890385
m_595,-0.9278527343976313,-9.398099180396384
m_254,0.6184945435586053,6.264646329539063
m_699,-0.20976527002783862,-2.124682882114081
m_521,0.8841235856750335,8.955170706457656
m_583,-1.018833397840925,-10.319629431773388
m_509,1.5501414014762742,15.701176558837801
m_260,-0.6895198340207559,-6.9840559090227945
m_232,-0.8434005343504741,-8.54269335340926
m_667,0.012203153028511047,0.1236036549170596
m_651,-0.6752911933068827,-6.839935058039152
m_451,0.35441837184358876,3.5898548087811037
m_570,0.003331199167591132,0.03374101498927607
m_274,-0.029377776739218115,-0.2975650162381972
m_298,-0.030379239005671976,-0.3077083090608665
m_264,0.8579770096588564,8.690332853505652
m_565,0.4011249293834542,4.062938909010435
m_604,0.6555193594489626,6.639663960585429
m_333,1.5804449642723923,16.00811522130805
m_543,0.49762862935126445,5.040408488918924
m_686,-0.8968556423809463,-9.084134040189769
m_618,-0.7872792737688538,-7.974248640935874
m_640,-0.2881399701257194,-2.918531834738223
m_242,-0.5131047189874337,-5.1971701001882025
m_561,-0.4467766144107292,-4.525342148710033
m_550,-0.3309650906103573,-3.352302463842369
m_456,-3.8154040600379115,-38.6457170317205
m_524,-0.9038099753146416,-9.154571615956456
m_426,-0.315612862336864,-3.196801615717661
m_661,-0.4852099140137107,-4.914627373173037
m_405,-0.3463861910433357,-3.5085007629870577
m_619,-0.25101816245100567,-2.5425308650705265
m_547,-0.3384877197594609,-3.428497533681513
m_675,0.24894166559320982,2.521495417979601
m_500,-1.4082609227078557,-14.264090698005303
m_343,-1.8103233712434235,-18.336526793351332
m_541,-0.32596379150095195,-3.3016427240801183
m_130,-0.45892263284011725,-4.648367569550378
m_60,-0.14419604094656263,-1.4605428909437277
m_400,-0.5453243308719662,-5.523518738654676
m_345,-0.8088202915569064,-8.19243202163804
m_69,-0.4494518320401934,-4.5524361643385705
m_494,-0.7513578180682368,-7.610402821459863
m_396,-1.147680741440256,-11.624703918622629
m_665,-0.4821432096205187,-4.883564249424311
m_662,1.2609042738869352,12.771531576264325
m_13,-0.6276400417040136,-6.357282207119336
m_363,-0.5564054716209036,-5.635756319857592
m_481,-0.9186693900320696,-9.305079323709732
m_320,-0.4102395970612342,-4.15526359552172
m_157,-0.7531516181842403,-7.628573122948247
m_12,-0.2480211462415459,-2.5121736023238364
m_626,-1.18193152452842,-11.97162830812049
m_448,0.4900870499455784,4.964024425326841
m_511,-0.8728911501938091,-8.841399171496517
m_417,-1.84168861694635,-18.654219105117026
m_216,-0.5644955510231606,-5.717702743093555
m_365,1.6145894924743411,16.353961401475786
m_329,-0.6044812499882547,-6.122710906985549
m_508,0.5225872429718715,5.293219408109866
m_39,-0.025555899640564782,-0.25885298749376806
m_477,-0.4053285783718132,-4.105519259689688
m_313,-0.25802529447155337,-2.6135039328639786
m_462,-0.3619717204636128,-3.6663638489220416
m_501,-0.05112003335793988,-0.5177882545370852
m_643,-0.42299676429373945,-4.28447775842854
m_506,-0.6782332908936544,-6.869734427213602
m_191,-0.05490189754514457,-0.5560912216047479
m_133,-0.7195968855084901,-7.28869875758825
m_549,0.6836482037865345,6.924581378873171
m_574,-0.7332514450115957,-7.427006344064661
m_204,-0.5461101952389958,-5.531477452908332
m_650,0.3425005961296542,3.4691436079227063
m_594,0.0016829523517569178,0.017044703656599873
m_289,0.18285030300189575,1.8520667825249173
m_701,-0.36919138759413983,-3.7394930005548415
m_246,1.6380927784283534,16.59202044383649
m_83,0.05143584126839184,0.5209867528923451
m_375,0.6033890518977614,6.111650076766963
m_341,-0.305260982342697,-3.0919491033934228
m_576,0.6659336357383073,6.745151836808575
m_658,-0.14798336400436443,-1.4989051233760842
m_666,-1.8108452704293068,-18.341813005536704
m_127,0.36373910104997026,3.6842641020839224
m_436,-1.048301301783223,-10.618106637146322
m_670,-0.9167353719026863,-9.285493176218164
m_605,-2.1991304697220415,-22.27470349630365
m_695,-1.9265141363950855,-19.513407921025195
m_690,-0.927274887168624,-9.392240272161798
m_504,0.46503155709189414,4.710240838757142
m_578,-1.2343168717892676,-12.502229369020494
m_657,-1.4686508273024401,-14.875765360796205
m_596,-0.7959053453304618,-8.061617812845004
m_147,-1.0941048934335855,-11.082040720022913
m_482,-0.40320758574282756,-4.084035263188245
m_307,-0.7567900468084502,-7.665424701146466
m_358,-0.9184423209613952,-9.302778454182267
m_393,-0.953745868421004,-9.660363512972365
m_422,-1.0260510141403778,-10.392732342225232
m_210,-0.653635564094834,-6.620587059672857
m_317,-0.7807031525368685,-7.907637460023278
m_87,-0.7038747106019542,-7.129452589501764
m_75,-0.6866649201043568,-6.95513715499851
m_228,-0.3954616975533643,-4.005578841442521
m_21,-0.2533091854577012,-2.5657349698871696
m_471,-0.19367972790068017,-1.9617569899878473
m_642,-0.18627058927420462,-1.886707195295523
m_423,-0.723020023428933,-7.323372077766548
m_588,-1.256141453797833,-12.723287276864056
m_339,-1.1181258189973062,-11.32534628610854
m_484,-1.3121073605953644,-13.290159849792873
m_140,-0.5873972590207658,-5.949668643879263
m_29,-0.5518127758890388,-5.589238201640393
m_249,-0.9939381569174304,-10.06746620222899
m_641,-0.7494595055296659,-7.591173507308322
m_306,-0.9953221342045551,-10.081484436966855
m_85,-0.9819017794832992,-9.94555151197466
m_425,-1.13815472509156,-11.528215903459182
m_236,-0.8408511274078094,-8.516867991455563
m_337,-1.3249240612504378,-13.419977958253437
m_579,-1.098052333147413,-11.12202491211015
m_245,-0.9287066718483865,-9.406746466323773
m_606,-1.1587326231560895,-11.736647098411915
m_96,-0.8498312511469224,-8.607827061263839
m_369,-0.8517923738546408,-8.627691183178175
m_252,-2.3935569907166703,-24.244018857079652
m_469,-1.9664225689196433,-19.91763164708961
m_414,-1.433349325535565,-14.51820254433033
m_691,-2.86377190300886,-29.006762150962107
m_694,-1.7584589933438919,-17.81119873742985
m_566,-1.6104490685244477,-16.312024101508566
m_301,-1.0211168818637544,-10.342756809793414
m_312,-1.5605430498677386,-15.806531547777318
m_590,-1.3922890047962395,-14.10230874382912
m_564,-0.9228503217379987,-9.347427815776122
m_390,-1.2345000873663972,-12.504086325255683
m_99,-1.3389965508261632,-13.56251698702327
m_681,-1.6506234625623866,-16.718943001689176
m_394,-1.9280474559966774,-19.528935308250706
m_698,-1.6194412711936195,-16.403105897793242
m_472,-1.1552008133142093,-11.700875113904884
m_671,-1.1583176994048774,-11.732445123768287
m_261,-1.6418270970509246,-16.629847388397096
m_185,-0.8498312080250572,-8.607827548574798
m_603,-1.6993033053891846,-17.21201503344488
m_442,-1.7653078708369754,-17.880568285680365
m_304,-1.063974430953496,-10.776854477361752
m_645,-1.1219931405230037,-11.364519040868418
m_551,0.10743710202232937,1.088214348913464
m_522,-0.3017293776524749,-3.05617977131803
m_380,-1.3916240365443011,-14.095573507313956
m_677,-0.6081438656246139,-6.159808060649846
m_240,0.0648031291526764,0.656380993615148
m_525,-0.6946914136255974,-7.036435486307072
m_227,-0.6549416679149035,-6.633820346951801
m_146,-0.08387070863057396,-0.8495147670548175
m_611,0.570527827371693,5.778797595930624
m_625,1.1050240032645435,11.192641936165439
m_71,-0.3750286430522699,-3.7986154244170867
m_689,-0.28267655894560323,-2.863195496389891
m_404,-0.5903178192915134,-5.979250694756801
m_323,-0.12812467914574077,-1.297760675665259
m_196,-0.6260061860473481,-6.340732303699028
m_597,-0.40507363217050596,-4.102936126755468
m_215,-0.434549636235676,-4.4014952445223425
m_609,-0.09716964891440576,-0.9842177625655366
m_379,0.040254332872150335,0.4077289362756647
m_285,-1.1488484286944087,-11.636530686982482
m_413,-0.2590999211023322,-2.624388078978522
m_676,-0.6366770027642071,-6.448816453448612
m_523,0.30266797165869774,3.0656856000514052
m_635,0.2999719223402012,3.038376912208911
m_450,-0.24186817918051565,-2.449852391619794
m_321,-2.3323214706401765,-23.62376997397099
m_168,-1.0402999957775778,-10.537058656292949
m_184,-2.557536358876469,-25.90494499471999
m_256,-1.5355399005171158,-15.553276848091198
m_239,-1.0805515504234864,-10.944760647093577
m_150,-0.02388055753999681,-0.24188025140707525
m_296,-0.6889759090227475,-6.9785412676005425
m_92,-2.210323128088203,-22.388069234111782
m_106,-1.1400247110664357,-11.54715643866836
m_176,-1.3933509980045982,-14.113065235947253
m_214,-1.7488843318029674,-17.71421682347635
m_56,-0.2649676708500598,-2.6838203520279844
m_43,1.527923757514523,15.476135698672579
m_138,-0.11894887339542852,-1.2048197493002764
m_28,0.15237170917868145,1.5433533411144684
m_41,-0.33981926749779,-3.441982269043436
m_91,0.08468758761961556,0.8577886646344547
m_63,-0.016801430231479918,-0.1701822379742301
m_33,0.5409440972447078,5.479147673207186
m_7,-0.1669721540175709,-1.691237368575164
m_48,-0.10068715218209405,-1.0198454945044189
m_223,-0.9192325660355215,-9.31078436592783
m_18,-0.23966259892062977,-2.4275094753365387
m_0,1.3410460403233762,13.5832759415055
m_15,-0.14777450486623725,-1.4967874260805787
m_180,0.042227481481207245,0.42771746024681784
m_614,-0.09324459735640202,-0.9444633490778411
m_559,-1.0557243568227581,-10.693292507682921
m_542,-1.102881120105118,-11.170935939058928
m_489,-1.8167583092361828,-18.401702332584627
m_507,-1.5787369561961528,-15.990814874579574
m_401,-1.2232757867104362,-12.390396921922383
m_257,-0.9398702929168588,-9.519819814213427
m_197,-0.5381953682024271,-5.451308975248557
m_65,-0.044935337597298085,-0.4551476785551296
m_410,-0.6466129776940834,-6.5494601984856695
m_478,-0.8408328207175084,-8.516685300515265
m_324,-0.6633598464790352,-6.719086443647155
m_384,-0.28526732681654543,-2.889435896291315
m_474,-0.32360617205887876,-3.2777652522727654
m_202,-0.7190335929830466,-7.282996594546518
m_537,-0.31524696520248424,-3.1930954679826686
m_427,-0.8913528391136476,-9.028394241401912
m_234,-0.6423507726645581,-6.5062865460087576
m_219,-0.2029315264089645,-2.0554634377816527
m_32,0.053372111286110975,0.5406000338822303
m_352,-0.789423830682863,-7.99596848858
m_159,-0.2730423176978665,-2.7656080040078534
m_348,0.191078403800982,1.9354082267695638
m_421,0.17312186083817457,1.753528741110559
m_231,0.5278285416148906,5.346303508504882
m_208,-0.4385021034720787,-4.441528715010105
m_89,-0.020021602437652986,-0.20279825897202175
m_434,-0.030996979560947734,-0.3139637509917668
m_411,1.4252570691828255,14.43623829577981
m_79,0.0830386839305284,0.841090676311181
m_673,1.884629621330454,19.089160592894505
m_52,0.2454739214682687,2.4863727021498363
m_577,-1.386748766913398,-14.04619219740813
m_433,1.1109718213390736,11.252885297248787
m_435,-1.0242933652759856,-10.3749299400549
m_584,0.6997479118835472,7.087650883599809
m_430,-0.14489281878712648,-1.4676003068871262
m_265,-1.2090177082647962,-12.24598165098881
m_53,-1.3008404447594974,-13.176042139195685
m_532,-3.653122039378388,-37.00198631022872
m_485,-1.6390752378078057,-16.601976663475895
m_653,-1.0478725428134497,-10.613762956931621
m_558,-1.0988125295661195,-11.129728016620886
m_59,0.5886295861384098,5.962149941373843
m_488,0.788649689463604,7.988126919436501
m_143,-0.09597523555193481,-0.9721206268731085
m_431,0.49505569489486223,5.014351569017497
m_8,0.6331351133479954,6.412941058370981
m_355,1.2688309351673563,12.851817327767282
m_269,-1.1188500874092,-11.332685006218812
m_66,-1.2508907429714748,-12.670107291639413
m_101,1.0850728019203368,10.99055802321235
m_429,1.2969286948840482,13.136417310934686
m_135,-0.05187146440220045,-0.5253996327920755
m_42,-3.7761096585795846,-38.24771065513545
m_498,-3.208686009311377,-32.50035089239618
m_165,-2.523138562794797,-25.55653276510741
m_200,0.13832440368067625,1.4010687614283042
m_84,-1.336455239593434,-13.536776633138775
m_199,0.1573998091531374,1.5942802652698016
m_250,0.734039759890815,7.434991482912879
m_5,-0.6363858522964394,-6.445868696367299
m_49,-0.671718306359263,-6.803747203720435
m_113,-1.0360254530922535,-10.493765213378962
m_314,0.29081213700195885,2.945596467211056
m_443,-1.027818627718785,-10.410640212621372
m_347,-0.18584760469603762,-1.8824289213442065
m_315,-0.32901546517932245,-3.332554184537108
m_303,0.08375384945925086,0.8483294984407256
m_9,-0.7494488357575193,-7.5910690178550935
m_2,-1.584413122515295,-16.048309122793757
m_402,-0.7787282707716796,-7.8876328200900705
m_479,0.4271307149367008,4.326353910367512
m_95,0.05093282768322571,0.5158923671829477
m_293,-1.201392965297479,-12.168748421879425
m_36,-2.0343681050824167,-20.605845565969886
m_327,-1.1712159556139192,-11.863093329024533
m_499,-3.934580306324425,-39.85283903948563
m_177,-2.3977596881986702,-24.28659093139581
m_519,-1.312094316824308,-13.290028947029679
m_207,-3.069981669303797,-31.095434727371565
m_466,-1.311870452657695,-13.28776336070312
m_438,-1.281682376300187,-12.981989373518998
m_527,-2.6687708177307417,-27.031624015172596
m_444,0.04936464261134537,0.5000075939067887
m_383,-0.3734472810598317,-3.782599699481143
m_209,-1.4589411678403166,-14.777419574931528
m_80,1.9478894996172533,19.729910077015322
m_97,-0.5808698674484196,-5.883551287798739
m_98,1.7763435891344856,17.992344603429185
m_664,-0.28804831229847433,-2.9176043199905046
m_275,-2.9647912481681162,-30.02997525513292
m_163,0.7445956352500924,7.541908529079968
m_192,0.48123129475009835,4.874328388239707
m_409,-1.0360806342437299,-10.494325977916276
m_621,-0.5522124750026945,-5.5932886768478935
m_266,-0.7846076802319465,-7.947185706593724
m_639,-1.6229921954892594,-16.43907110439991
m_154,-0.5750333671835823,-5.824434383547481
m_408,-0.6021552677335655,-6.0991523987794825
m_305,-0.04124130303300946,-0.41772994900532967
m_399,-0.791451456237141,-8.016507195684204
m_325,-1.9892781027549362,-20.149133466606745
m_617,-2.5917027124623466,-26.251008026888698
m_277,0.4768235253140587,4.829681111455491
m_286,0.4201636794963773,4.255783385292656
m_359,-0.8383969099479449,-8.49200737397994
m_100,0.7574374087227955,7.671981999500797
m_276,0.9547028111203906,9.670057533872544
m_109,-3.243526176696218,-32.85324357802959
m_251,-3.2565989993824105,-32.98565740748324
m_453,-2.6332832352218474,-26.67217865616943
m_195,-0.3949394040297365,-4.00029013473805
m_253,1.606650244159285,16.27354476503835
m_278,1.1600255243028128,11.749741564767305
m_78,0.25511778967345017,2.5840557505906667
m_132,1.0887270456311473,11.027569963165845
m_162,2.123955089290745,21.5132553548032
m_128,0.5637286225924165,5.709932191790109
m_203,0.16013099618224302,1.6219453261649175
m_30,-1.3691598646729868,-13.868038831281245
m_104,1.5939979882954596,16.145389578811784
m_31,0.4543755502599083,4.602308653563124
m_116,-0.14752986342773908,-1.4943102466186922
m_25,0.77537538335168,7.853674040417855
m_93,-1.2976418947852304,-13.14364092404072
m_267,-2.3199422602971946,-23.498387571077874
m_268,-0.2721774228882765,-2.756847991661028
m_297,-1.9361734267264645,-19.611243279080416
m_517,-1.2631475973708426,-12.794253445222516
m_74,-1.7521615427335993,-17.747408949529536
m_102,-0.5060756728454692,-5.125972671719769
m_459,-0.7967009290962206,-8.069678554411423
m_280,-1.5283780801159432,-15.48073710092844
m_344,-0.6913647003307213,-7.002744112870624
m_556,-0.24587466993380455,-2.490435115169696
m_151,0.13250142047420926,1.342087404562367
m_243,-2.6171176278038146,-26.50843507726753
m_248,1.441922126744755,14.605036343514124
m_212,-0.35347920899943613,-3.580344616817969
m_581,1.8980000553786764,19.224590815191036
m_633,0.474211818379975,4.803230855593606
m_221,0.41201167268168243,4.173211558577498
m_35,0.9152207814092332,9.270148563995791
m_693,1.6191204920609064,16.39985558218335
m_294,0.41220767943261294,4.175197426541358
m_183,0.3196899210167234,3.238096408045395
m_460,-1.681275701101387,-17.02942020282831
m_631,-1.7071102777193954,-17.29109291304999
m_548,0.052417823000287245,0.5309338875855714
m_630,-1.094501050223785,-11.086055136455144
m_141,-1.5554997145733458,-15.75544913504487
m_600,-1.378646611783317,-13.96412743465417
m_627,-1.6670946155393873,-16.885777512584635
m_473,-2.3226466476039365,-23.525779029526763
m_217,-0.9492864143607906,-9.61519360425729
m_139,-2.8518812473481208,-28.88632746765007
m_391,-1.9756321743305794,-20.010917340720777
m_495,-1.9023786674453471,-19.26894186790284
m_37,-2.0618781674281204,-20.88449154735854
m_623,0.09942856614394106,1.0070989041993208
m_287,0.17295614942464876,1.751850597480116
m_552,-0.2437590887435604,-2.4690031675255657
m_447,-0.5603817420941332,-5.676032256606369
m_628,-1.7148826858898243,-17.36981710415672
m_70,-1.1804302681935972,-11.956421554257002
m_637,-0.7168152853047624,-7.260525398758836
m_318,-0.0452612541761588,-0.4584459224883237
m_493,-0.34836432749384244,-3.528536041830478
m_587,-0.2715396610334389,-2.750389129820774
m_193,0.05481786961862114,0.555242914055036
m_569,-1.0528763503981777,-10.664444596706854
m_319,-0.0452612541761588,-0.4584459224883237
m_187,0.4202241719965265,4.256392751267804
m_88,1.4482746068135044,14.66938088846548
m_660,0.7628975515886511,7.7272902531749486
m_387,0.3079886065381083,3.1195744848927442
m_322,-0.6665388456129249,-6.7512828467416295
m_586,0.09852782344003676,0.9979752491160339
m_233,0.6263445007526185,6.344161409937023
m_602,1.0118935971246517,10.249338425376903
m_362,-1.6060325458169962,-16.267288769466493
m_534,-2.253280300517676,-22.82317391430089
m_465,0.488223445044375,4.945150347335171
m_125,0.9979563124838454,10.108165992318577
m_480,0.22173716459449183,2.2459463367011017
m_634,-0.2605160882626821,-2.6387323384507884
m_624,1.350987410353353,13.683970708561485
m_247,0.1782486676654285,1.805457870236756
m_432,0.013307037864053382,0.1347856786114529
m_376,0.4067343282004407,4.1197578293469
m_122,0.5149095004541253,5.215449806495626
m_226,0.8115635631099475,8.220219238604384
m_90,0.7655556801683616,7.75421143685335
m_674,0.6758148629932723,6.845239165566898
m_117,-0.8540577794488712,-8.650633526503297
m_682,-0.046539791164023785,-0.47139505588926633
m_368,-1.8216328220609543,-18.45107490793541
m_340,-1.7710203270466076,-17.93842816187662
m_616,0.19325128846643858,1.9574150057301938
m_557,-0.6840481968776262,-6.928635581839569
m_169,-3.568107304309637,-36.14088156659428
m_213,-0.8332840824747851,-8.4402216831452
m_24,-1.3408003214944137,-13.580785833099467
m_505,-0.9661655861203083,-9.786160759211903
m_441,-2.3034228517147546,-23.331058216969954
