i,0
l_0,7.809842378584804e-05
l_1,0.00010899647405571327
l_2,0.0005434207031927137
l_3,0.00022419452823583354
l_4,7.179753937385273e-05
l_5,0.00015467058266195236
l_6,9.156682047269542e-05
l_7,0.0001261758935071752
l_8,0.00019263185501173534
l_9,5.9491013181259486e-05
l_10,7.58470298812059e-05
l_11,0.00018909507622011935
l_12,0.00029508230378915307
l_13,7.760426364896869e-05
l_14,3.447258918637392e-05
l_15,0.0002824849497608971
l_16,4.2810657935607815e-05
l_17,0.00034753662705757314
l_18,5.2554670311374134e-05
l_19,0.0004083812807046421
l_20,0.00019596768718107635
l_21,3.788462716036613e-05
l_24,0.00020954234415322692
l_22,4.753475615720183e-05
l_23,0.00017991692330982645
l_25,0.0007686976236433563
l_26,1.0953675827691067e-05
l_28,7.762983422499917e-06
l_27,3.055512201229408e-05
l_29,0.00014446075472784916
l_30,5.249845660506613e-05
l_33,1.3338858449735291e-05
l_31,0.0006371536668562631
l_32,0.000499567025227319
l_35,0.0002725498853811497
l_34,0.0001062266317069999
l_36,0.0001695694263897694
l_37,0.00019849188163765288
l_38,0.00027513528530378415
l_39,9.173506791818415e-05
l_40,0.0003631186822124612
l_41,0.0006333573284674699
l_42,5.4604328524797116e-05
l_43,0.0012955633754048084
l_44,0.0007209734643822149
l_45,0.003937962836767631
l_46,5.5671143929162645e-05
l_47,0.001991237956132513
l_48,0.0004797768731635835
l_49,0.00041039531422202864
l_50,0.00029145546518978777
l_51,9.319538615246561e-05
l_52,5.645428930465681e-05
l_53,0.0004300966762570456
l_54,6.138523607459277e-05
l_55,0.0016851980447546468
l_56,0.00030567216715262057
l_57,8.783562251150312e-05
l_58,0.00019989409377324185
l_59,0.00015000563141337217
l_60,0.0019046154906750216
l_61,2.1300416882434568e-05
l_62,0.00011348280616840163
l_63,2.365354420910003e-05
l_64,7.476748973894949e-05
l_65,0.00043161956186500076
l_66,0.0006080099998617291
l_67,0.000584292853984188
l_68,0.0002290099582162974
l_69,0.0005036660938497594
l_70,0.00025057756781921925
l_71,0.0002848257016017832
l_72,0.000517922121431586
l_73,0.00025660723048886937
l_74,8.77425077506096e-05
l_75,0.0001620649589959531
l_77,0.0003317663663429401
l_76,0.0006337167354667646
l_79,0.00011156473543637595
l_78,9.699585697993739e-05
l_80,0.00015681550741132377
l_81,2.5411509925322092e-05
l_82,0.0007540676564108687
l_83,0.0004737469078833069
l_84,0.00025073398931896475
l_85,0.00014257780477327944
l_86,2.2898134052230504e-05
l_87,5.7391323727993854e-05
l_88,0.00011900576952344555
l_89,0.0001323519491558891
l_90,0.00024395196044434453
l_91,0.0002970420280001792
l_92,0.0005563878424298742
l_93,0.00017916420152448636
l_94,6.447291915746371e-05
l_95,0.00019339946482299032
l_96,5.681240502569414e-05
l_97,9.287017379189455e-06
l_98,0.0006881813566941528
l_99,0.00021392488950111474
l_100,0.00015603771902994543
l_101,0.000233497842409766
l_102,0.00023784487692973284
l_103,5.838780242384381e-05
l_104,2.8193562878149566e-06
l_105,0.00032700049643186814
l_106,0.0005180860341964275
l_107,0.0004373348277619915
l_108,2.514914259349348e-05
l_109,0.0003916554446233725
l_110,1.894440858376606e-05
l_111,1.0555938893818238e-05
l_112,0.0001275824482641321
l_113,0.0005560010309426224
l_114,0.0003501825454408275
l_115,0.00012944480260312124
l_116,0.0003443772298225619
l_117,0.0004227450322319196
l_120,0.00022256694944998182
l_119,0.0002647926569202838
l_118,6.681396855467755e-05
l_121,4.308065271769678e-05
l_122,0.00039301034041898
l_123,2.7769020337033857e-05
l_124,6.278562717463192e-05
l_125,0.0004728161026733957
l_126,0.00014414318106134247
l_127,0.0004233750722847961
l_128,0.00016736942332257643
l_129,2.1460868275980823e-05
l_130,0.00010078339954237096
l_131,0.00020849908639744054
l_132,0.00029598764137818526
l_133,7.131454768480607e-07
l_134,9.774169805994795e-05
l_135,9.323807228423858e-05
l_137,0.0002462700842427935
l_136,9.570637277187575e-06
l_138,5.0813474845391336e-05
l_139,2.365853848439955e-05
l_140,9.45130901487904e-05
l_142,4.165291455719711e-05
l_141,3.3763184482522664e-05
l_143,1.7963562956334754e-05
l_144,0.00010670378195937527
l_145,2.930248398458088e-06
l_146,3.252215781047491e-05
l_147,0.00011140990137592402
l_148,0.00015511758234590468
l_149,5.7710027438797966e-05
l_150,0.0051426221284108144
l_151,1.0932094118169724e-05
l_152,5.847568537315586e-05
l_153,0.00011771934874078265
l_154,0.0007380248097140727
l_155,0.001025458995132472
l_156,0.0002764112626098246
l_157,0.00023710098257815221
l_158,0.00035036475989318265
l_159,3.41463546165867e-05
l_161,0.00012914894658818538
l_162,0.0012726289648370898
l_160,0.0002598593969903993
l_163,0.0003659597360743145
l_164,0.0012293432866564012
l_165,5.7197610972037456e-05
l_166,0.0016962622209105306
l_167,0.00039028408745354584
l_168,9.70264302084111e-05
l_169,0.00044748569141714887
l_170,0.00020191574590912737
l_171,0.0012495584061318276
l_172,0.00017612723957778355
l_173,4.75266630474364e-05
l_174,8.395878551342641e-05
l_175,5.621027344480792e-05
l_176,0.0002591398722468037
l_177,0.0002180101556664419
l_178,5.434243902388785e-05
l_179,0.00027349699098986344
l_180,4.1936203215988274e-05
l_181,0.000243648571758663
l_182,0.005761991302673234
l_183,0.00018292045303744173
l_184,3.0427804642042227e-05
l_185,5.01300387439082e-05
l_186,2.2502169896493957e-05
l_187,0.00013149125685296657
l_188,0.00018515823297771334
l_189,0.0006234920555754407
l_190,2.519223347065344e-05
l_191,0.0005244147003403158
l_192,0.0004897259512907219
l_193,0.0005136405167159346
l_194,0.0001400634689196098
l_195,9.882834174896034e-05
l_196,0.00015114103221158798
l_197,0.00011096494048263348
l_198,0.0051940498539593235
l_199,2.1932115537290485e-05
l_200,0.00010158099006829461
l_201,0.0001744212223940426
l_202,0.00021489977188636437
l_203,4.331897294572507e-05
l_205,0.00011910097580944827
l_204,2.0260862022833705e-05
l_206,0.0001349413306614418
l_207,5.716052200947312e-06
l_208,9.059543377291629e-05
l_209,0.0003030011376728216
l_210,4.534193802840335e-05
l_211,0.0010478618868282874
l_212,0.00029813551412497934
l_213,7.872679995296072e-05
l_214,9.27462791363209e-05
l_215,4.87755925277265e-05
l_216,0.0007927409061610626
l_217,0.00014413422275384014
l_218,1.871319708001127e-05
l_219,0.00026104946103821267
l_220,0.00042515704236249194
l_221,2.4110383938241715e-05
l_222,4.285474976733621e-05
l_223,0.00012579802929511285
l_224,7.934044806650487e-05
l_225,1.0591466124068443e-05
l_226,0.0009122277936641928
l_227,3.517821178624485e-05
l_228,0.00013549031225057072
l_229,1.5536790568926328e-05
l_230,0.0003951329004130232
l_231,2.704183242530483e-05
l_232,0.0002542848598352699
l_233,0.00030016221984948874
l_234,0.00049150163001056
l_235,0.00019309867489021134
l_236,2.270031869318661e-05
l_237,1.7721121974026445e-05
l_238,0.000882691888372188
l_239,0.0011628800613470163
l_240,0.00034812061089349697
l_241,0.00021491905886888152
l_242,0.000159823500831172
l_244,3.8746388886191185e-05
l_243,6.090109744359094e-05
l_245,4.0709919357336034e-05
l_246,1.6536234642269748e-05
l_247,0.00021492420238030592
l_248,1.5390999225919065e-05
l_249,0.00019469432073859012
l_250,8.218799804340722e-06
l_251,4.698092150643204e-05
l_252,3.879987853971256e-05
l_254,0.0005557181811338245
l_255,0.0007338439632682828
l_253,1.8443629831436923e-05
l_256,0.0008422092740825801
l_257,0.00013092126408377074
l_258,0.00020664266603157653
l_259,4.841445355837574e-05
l_260,0.0005843759335328816
l_261,0.00020643594123963233
l_262,0.00028219178934747984
l_263,0.00039451511993757524
l_264,0.00020644761175881386
l_266,0.00028190305149072213
l_265,0.00019130790662114428
l_267,0.00022084822379114276
l_268,0.0001688372220879275
l_269,0.0001569216012283222
l_270,7.645353328164558e-05
l_271,4.203831969384256e-05
l_273,0.00010272746542927302
l_272,3.738145788947925e-05
l_274,0.0009531686417830455
l_275,0.00016057935531290507
l_276,3.308253945328704e-05
l_277,0.0010089921686484951
l_278,5.135935154137776e-05
l_279,1.1373286055121426e-05
l_280,2.5932677327726524e-05
l_281,0.000738255689219627
l_282,5.572817676545202e-06
l_283,2.1369913188788098e-05
l_284,1.7955938036533116e-05
l_285,0.00016422301629154837
l_286,7.25244143379473e-05
l_287,0.0001505960994644944
l_288,0.0001825456905292003
l_289,0.0006407537919237705
l_290,0.00026751568844650474
l_291,0.00014352206593877266
l_292,2.5207712218092988e-05
l_293,2.7864973274094378e-05
l_294,4.934999467796693e-05
l_295,0.0004763793017367127
l_296,0.00019153928524728931
l_297,0.0001114828073770348
l_298,0.00023795585432489857
l_299,0.0001346234690878632
l_300,0.00011167372806038073
l_301,0.0005780548340042658
l_302,6.007431525596936e-05
l_303,4.3126520579011925e-05
l_305,3.4214596814029676e-05
l_304,0.00017056359320803699
l_306,9.186345799625172e-05
l_307,8.5952536820759e-05
l_308,0.0001229183735271155
l_309,8.74545179835903e-05
l_310,0.00012222718705570088
l_312,0.00012344706411770976
l_311,0.0005841055356599788
l_313,0.00028038225305271645
l_314,2.63054354722442e-05
l_315,2.51480141120408e-05
l_316,1.047265046505781e-05
l_317,0.00048243950473343385
l_318,0.00019324555164147706
l_319,0.00015220067405518172
l_320,0.00028036616590186244
l_321,0.00022308129047168577
l_322,1.8142959851106065e-05
l_323,0.0003784180012636036
l_324,3.5488752252268076e-05
l_326,0.0006287694331559219
l_325,8.564658973039027e-05
l_328,0.0006477150194797715
l_327,0.0001116150950018941
l_329,8.029058851846477e-05
l_330,7.328056678243605e-05
l_331,0.0007882967062439629
l_332,8.458648231035316e-05
l_333,0.00018658322777599388
l_334,0.00029354681122858767
l_335,6.016953628841994e-06
l_336,5.515975704732394e-05
l_337,0.00019838607423936395
l_338,0.00022692852181941422
l_339,0.0008965621920907039
l_340,7.000940829407657e-06
l_341,0.0013378980652331727
l_342,0.00014084137417203453
l_343,0.00043385353091280574
l_344,0.00013897912084839727
l_345,2.8087985146308836e-05
l_347,6.299279761659115e-05
l_346,4.919778164320038e-05
l_348,0.0001649467244008882
l_351,1.5434897038544623e-05
l_350,0.0002465334478130946
l_349,0.00017946554577248807
l_352,9.850602588987947e-05
l_353,4.669276049223943e-05
l_354,0.00025343910836154705
l_355,7.427560842806637e-05
l_356,0.0002972940076569094
l_357,0.00014980880429287332
l_358,0.0003935592883259643
l_359,0.00010661962148414975
l_360,0.00017294984364592993
l_361,0.0002561993471721095
l_362,0.0002312948521558622
l_363,0.00016650327868354505
l_364,0.00023923567836358744
l_365,4.359104601108369e-06
l_366,0.00010945964824331911
l_367,7.201131643116812e-05
l_368,1.105548925729908e-05
l_369,0.0003271877295530555
l_370,0.00015144887652219154
l_371,0.001501016718404986
l_372,0.00019063574811599543
l_373,8.056105472226204e-05
l_374,2.6951587998134076e-06
l_375,2.4343231615038904e-06
l_376,9.46250521213065e-05
l_377,0.0003025444073270853
l_378,0.0008917714388811838
l_379,0.0002259092677372702
l_380,1.1499265424571746e-05
l_381,0.000418211699060815
l_382,0.00010628334164893658
l_383,6.952479070038662e-06
l_384,0.00022199039748807198
l_385,7.643738668294796e-05
l_386,2.7051871898346876e-05
l_387,0.0002636078287232049
l_388,0.00014084340749962
l_389,3.967229255400415e-05
l_390,0.00016594374647381323
l_391,0.0001382451825494413
l_392,0.00019001696401817498
l_393,0.00017370111668833395
l_394,0.00195996613844172
l_395,6.826218238863611e-05
l_396,0.0019463337041526426
l_397,0.00016329190033646343
l_398,9.560787604985273e-05
l_399,0.00010567891776321109
l_400,0.0005797882136010989
l_401,0.0009907639664646249
l_402,1.695892581453951e-05
l_403,6.957853682949376e-07
l_404,3.53033782364557e-19
l_405,0.00036041605646323005
l_406,1.5467282973311343e-07
l_407,0.00035179304334215515
l_408,0.00032203833925253033
l_409,0.002235751855443978
l_411,0.0001704113469363301
l_412,0.0001027834085247798
l_410,0.006384762082568696
l_413,0.000645384714572301
l_414,2.00556634038267e-05
l_416,0.00036027305487405976
l_415,1.5142631603267806e-05
l_417,0.0002350186358622245
l_418,6.8438030480965995e-06
l_419,9.96555556983902e-05
l_420,5.215704744268466e-05
l_421,0.0003276345641550207
l_422,0.00029077441551370324
l_423,6.302042178839772e-05
l_424,0.00010478368543412849
l_425,4.212834438856529e-05
l_426,2.828767688057499e-05
l_427,0.00026738783974751367
l_428,0.00042524230831592714
l_429,0.0001924044567786163
l_430,0.0003461884657384703
l_431,5.688550494418837e-05
l_432,6.271333529070713e-05
l_433,9.62705101698591e-05
l_434,5.171767690931719e-05
l_435,7.49782852047507e-05
l_436,2.092538365533868e-05
l_437,0.0006149779860003941
l_438,9.877577794443602e-05
l_439,0.000158306372824175
l_440,0.00010822476063126796
l_441,0.0007601414691449222
l_442,0.002045553958123035
l_443,0.0007115185021293238
l_444,1.6788807656266528e-05
l_446,0.0023888368933508096
l_445,5.2071231509401395e-05
l_448,0.00012046413258722906
l_447,6.37669263958789e-05
l_449,4.789000778719653e-05
l_450,0.00019203792770117303
l_451,7.718085824710448e-06
l_452,0.00014725663980875173
l_453,5.7981769774173826e-05
l_455,0.00033131523138042697
l_454,4.488391612829069e-05
l_456,8.941978196259688e-05
l_457,0.0001435880445956508
l_458,0.0003051070603743602
l_459,3.8658806860057874e-05
l_460,3.38531396214933e-05
l_461,1.4540092584970087e-05
l_462,2.4476940546187023e-05
l_463,1.037088124982831e-05
l_464,0.0004774362539659959
l_465,2.7950072912379552e-05
l_466,7.087645043230486e-05
l_467,6.57558957654608e-05
l_468,4.8757881461735926e-05
l_469,0.00023483831523590342
l_470,1.3444971381138904e-05
l_471,0.00034261425596195154
l_472,1.7721468189913134e-05
l_473,0.0008554078550127943
l_474,0.00021215882339299506
l_475,0.0002877789331764679
l_476,0.00021089698544532264
l_477,0.0002929947167113473
l_478,7.845513384276191e-05
l_479,0.0002556016876379043
l_480,7.459023927983251e-05
l_481,0.0008830341597802292
l_482,0.0007183045960692536
l_483,0.0005574034973525728
l_485,0.0006060128109940387
l_484,7.935340088357948e-05
l_486,7.691026759963293e-05
l_487,0.0020503972429566928
l_488,0.00012211663637698246
l_489,0.0007793201414744541
l_490,0.0003406743880200753
l_491,0.00013391250276512
l_492,0.00037754232780046394
l_493,6.894007209545294e-05
l_494,7.695825872398499e-05
l_495,0.00015990854618023366
l_496,0.002889882506083844
l_497,2.608635714704869e-05
l_498,0.0016220872766188298
l_499,0.0006187805202596431
l_500,2.3777389237226942e-05
l_501,0.00011049219167014884
l_502,0.0013739801080512465
l_503,0.0002687735503254521
l_504,0.0003734796212360835
l_505,6.940689251406857e-05
l_506,8.421510718554498e-05
l_507,5.558357330499937e-06
l_508,0.00026528897200789157
l_509,2.5408881012536113e-05
l_510,7.884428784001892e-06
l_511,0.0006350473241013298
l_512,0.00039984205799237097
l_513,1.8543082772041322e-05
l_514,0.00017147851343396898
l_515,7.799019821331687e-06
l_516,0.00028760269798049364
l_517,6.546601313436604e-06
l_518,1.5644778829847556e-05
l_519,0.000594377831721436
l_520,0.00012956802927275362
l_521,0.00048823481115043023
l_522,0.000613891406006049
l_523,0.0013581846813528497
l_524,7.627262112786633e-05
l_525,2.327520263898552e-05
l_526,0.000191366101326552
l_527,0.0002461159988838187
l_528,1.8979341633998735e-05
l_529,9.411795637325885e-06
l_530,7.55406502088181e-05
l_531,0.00016101858070495385
l_532,0.0014346742499655092
l_533,0.0019095900010777597
l_534,0.0002371459856996389
l_535,6.559644964358657e-05
l_536,0.0001561104966096462
l_537,0.00027761076973614545
l_538,2.2375808308994707e-05
l_539,0.0003811896633984476
l_540,3.659825579459165e-05
l_542,0.0012397642908218358
l_541,4.793298831338547e-05
l_543,4.245070704193404e-05
l_544,4.0594164991870546e-05
l_545,7.194425839107433e-05
l_546,0.00020307299176509352
l_547,0.0002227966627911737
l_548,9.22736820648108e-06
l_549,1.8039695623719042e-05
l_550,3.6427221017034286e-05
l_551,0.0001604979537712628
l_552,5.09773406178909e-07
l_553,0.00011563935732744673
l_554,0.00017824108753752873
l_555,0.0001627562325099769
l_556,0.00018930264103897518
l_557,7.110912502589162e-05
l_558,0.00012424071454851052
l_559,0.00030711847802083477
l_560,0.0008384335416268086
l_561,6.57770593219513e-05
l_562,0.00030574462109072447
l_563,6.823723613496067e-05
l_564,0.00034064554298452766
l_565,0.00017921526193549465
l_566,5.378132610365514e-05
l_567,5.030223554213098e-05
l_568,2.1090233948391797e-05
l_569,0.0003416262714303927
l_570,0.00020967563979087638
l_571,0.0001121353579655682
l_572,0.02127164960579892
l_573,0.0005430190307871231
l_574,0.00010134867796481003
l_575,5.5580457134107965e-05
l_576,4.261057968680948e-05
l_577,0.00012821397201859708
l_578,0.0004982518607175314
l_579,2.291482216553008e-05
l_580,0.00014264403027716132
l_581,0.0001634098929739041
l_582,0.0003904589050486487
l_583,0.0002413776085092937
l_584,1.530901683499795e-05
l_585,6.653140112552459e-05
l_586,0.00018513185121559763
l_587,0.0007233689016410457
l_588,3.530930788348868e-05
l_589,0.0008766651442472271
l_590,0.00032988035380842305
l_592,8.876222009914067e-05
l_591,0.00016051993875843196
l_593,0.0001736709068759118
l_594,0.0003654871839966341
l_595,6.072130717455273e-05
l_596,0.0001728179165591398
l_597,0.0001008161340359759
l_598,0.0005137450233167068
l_599,1.593051097273399e-05
l_600,0.00025964110154302823
l_601,2.044583785645934e-05
l_602,0.0005412265637611177
l_603,8.526775532080193e-05
l_604,1.2004569924261126e-05
l_605,0.0002289029948426119
l_606,0.00014624722701586738
l_607,0.00014757972624297584
l_608,0.0001870616666858182
l_609,0.00017043860196083748
l_610,0.00010905958618851801
l_611,0.00030078586406797014
l_612,3.76665662569024e-05
l_614,0.0005512099173539647
l_613,0.00018784346340817868
l_615,0.00038663573840971735
l_616,0.0003549397057772166
l_618,5.477397277455167e-05
l_617,8.064529530762465e-05
l_619,9.263808587928313e-05
l_620,0.0008389511162363395
l_621,0.00019527305835148032
l_622,0.00037717732958540554
l_623,0.000679487753832911
l_624,8.043742991817898e-05
l_625,0.0003848848169017387
l_626,0.0003579513706953281
l_627,9.497875223334638e-05
l_628,5.521873281830414e-05
l_632,0.00017616375821456303
l_630,1.3513405871189965e-05
l_629,2.544349493439624e-06
l_631,0.00020413723307212406
l_633,4.757227505408574e-05
l_634,0.0002069378140959617
l_635,0.0006497446088021105
l_636,0.00024003628448974044
l_637,0.00015269967353664875
l_638,5.7860448084992056e-05
l_639,0.00018568208036181524
l_640,0.0004109508946652301
l_641,0.000489202084778065
l_642,0.0003652779212784221
l_643,2.8742707816950634e-05
l_644,0.0001109852806935837
l_645,0.00026607258344264577
l_646,7.931456269980104e-05
l_647,0.0002551934772645361
l_648,0.0002417758612293998
l_649,0.000262446504616792
l_650,0.0026942402751149925
l_651,5.7669787250993615e-05
l_652,0.0004321476599996901
l_653,0.002069397787117608
l_654,0.0011525274958159822
l_655,0.0004732961765317446
l_656,0.00042235712106500724
l_657,0.0005384336497229684
l_658,0.00010835828900327131
l_659,0.0007693966405544219
l_660,0.00016761711557576302
l_661,5.6455260084531576e-05
l_662,0.0005855505366713922
l_663,0.0001315958377960053
l_664,0.0005500890233213363
l_665,0.00021305829835896743
l_666,0.0001499579118192925
l_667,0.00013890321987520038
l_668,0.00027923549712078986
l_669,0.0013150639547245381
l_670,0.0023962176323817676
l_671,0.004602158036751592
l_672,0.0001127890274869899
l_673,0.00016866194016900107
l_674,0.0003225715967533755
l_675,0.0004847858541011155
l_676,5.534875520679996e-05
l_677,0.00016562914795127898
l_678,0.000839260703522813
l_679,0.0004184402075900581
l_680,9.953828981423481e-05
l_681,3.9444458749828175e-05
l_682,0.0006278155371585345
l_683,0.0008854885692044895
l_684,0.00014755034543129317
l_685,4.755443546981237e-05
l_686,0.0008436712310935983
l_687,2.2520920266866368e-05
l_688,6.591127798609554e-05
l_689,3.005397356460893e-05
l_690,0.00017812437937213423
l_691,0.00011438338626136003
l_692,4.079725930460967e-05
l_693,0.00016944685818111167
l_694,0.0012284310243402263
l_695,2.5726590335100313e-05
l_696,0.000589911419189726
l_697,1.7818902066092238e-05
l_698,0.0008987869040288054
l_699,2.0603856942305974e-05
l_700,0.00019261336710588124
l_701,0.00027833892750286373
l_702,0.00023498490419596873
l_703,0.000333102432299972
l_704,0.0001008934515610792
l_706,0.0025521717036231153
l_705,0.0033395290264300282
l_707,0.0026281317441334685
l_708,0.002564714833687644
l_709,0.004884861713356203
l_710,0.0012972764105463883
l_711,0.0005721774748538944
l_712,0.0003552151610929228
l_713,0.00016701914161029114
l_714,0.0006362486971332206
l_715,0.00025630286736499436
l_716,5.816294119646002e-05
l_717,0.0001374172937825754
l_718,0.00021677050421082576
l_719,0.0006103867083339268
l_720,0.028174337038837302
l_721,0.021397601589954716
l_722,0.009187640866112436
l_723,0.0009400189723436655
l_725,0.00015248346044453083
l_724,0.000516046691932651
l_726,0.0003895371387719682
l_727,0.0004005758852976246
l_728,6.019227969224817e-05
l_729,0.0004545028054879034
l_730,0.0003299297447336007
l_731,0.000295665528008082
l_732,0.0002638276992640325
l_733,0.00015054733022246106
l_734,5.413093131711253e-05
l_735,2.6245736870503587e-05
l_736,0.0009942679308697952
l_737,0.0009358797750246065
l_738,0.00037064993730664004
l_739,0.0002528013368411792
l_740,3.4065693522111565e-05
l_741,0.0005249795644933598
l_742,0.0027328858106010945
l_743,0.0018049956576402023
l_744,0.0049862128817638645
l_745,0.0003561004875878406
l_746,0.0005544805906992616
l_747,0.0024524890460811627
l_748,0.002579220833434987
l_749,0.0030135716976716913
l_750,2.8984311704728952e-05
l_751,0.0013058160144331778
l_752,0.0033508221981155997
l_753,8.33160142919093e-06
l_754,0.00015704212334296567
l_755,2.454690292358042e-05
l_756,0.0007811839508700272
l_757,0.0009320814263745614
l_758,0.016137801082133526
l_759,0.003911068177417426
l_760,0.0010013372705581878
l_761,0.0028347196501129325
l_762,0.009072373529767632
l_763,0.00032828162186351287
l_764,0.0041768941369367905
l_765,4.035346991277974e-05
l_766,0.00010597315617208333
l_767,2.7868950779229675e-06
l_768,9.355120593707323e-05
l_769,0.0015814160220725497
l_770,0.0017565404243094509
l_771,9.821237414933852e-05
l_772,0.00010995538007295484
l_773,7.758605439785175e-05
l_775,0.00014476810125535206
l_774,0.0003378722565398192
l_776,0.0007298386706399928
l_777,0.0005888434901096992
l_778,0.00028599369556198893
l_779,0.001287052571035004
l_780,0.0005250374397038378
l_781,0.0005987362123664053
l_782,0.001396309286689694
l_783,0.00021374652496457304
l_784,0.0017951459446135802
l_785,0.002122484877281786
l_786,0.0005487355456504941
l_787,0.0007922381823870131
l_788,0.001012609267235242
l_789,0.00014120861514697433
l_790,0.0032389053449133976
l_791,2.81205490697137e-05
l_792,0.0001941228254736525
l_793,0.0004180157733597643
l_794,2.8850339949958733e-05
l_795,0.0005060313197597584
l_796,0.0031694912589869404
l_797,0.00011252136788932064
l_798,0.00030591319147109933
l_799,1.5634447664164012e-05
l_800,0.00011218845647630526
l_801,6.155404996599164e-05
l_802,0.00032378331567434003
l_803,4.1863764857247825e-05
l_804,0.00026046693898027585
l_805,7.272874307301127e-05
l_806,0.0010909821339753455
l_807,0.0003373412085741945
l_808,0.0009690746151320897
l_809,0.0004858990516320679
l_810,0.0005408098842082593
l_811,0.00014652936896031543
l_812,0.0001526799807271241
l_813,0.0026877187022530825
l_814,0.00040651153230044593
l_815,0.0002636479098189634
l_816,0.0002563098598214564
l_817,0.0008501363000715754
l_818,7.31560621997352e-05
l_819,9.708910289610814e-05
l_820,0.0008466561687355167
l_821,0.0019131187255932163
l_822,0.0024664579715001733
l_823,0.0015687284074648701
l_824,0.0003779542063766909
l_825,0.00027680638364053426
l_826,0.00011561416668088601
l_827,8.033436279955629e-05
l_828,0.00015479389999332357
l_829,0.0007176209249451589
l_830,2.7906848198514995e-05
l_831,0.00013327535310896137
l_832,3.613806130505445e-05
l_833,0.00016980158960001993
l_834,0.0020900180678618866
l_835,0.00019628061197650702
l_836,0.0006427436395050003
l_837,0.0002022685081356299
l_838,0.00033410913077400113
l_839,6.817393315462985e-05
l_840,0.0006216340547838241
l_841,0.0004243437983286808
l_842,0.00017372090266858678
l_843,0.00047133358407859196
l_844,0.0013680399295442922
l_845,0.0035735262174522104
l_846,0.0006723781549490792
l_847,0.005710110649508255
l_848,0.0005957908654735033
l_849,0.01030615102884382
l_850,0.0003595790590765617
l_851,0.00019672906517750665
l_852,0.0006431548024392811
l_854,0.0026058317430188676
l_853,0.001483655001597386
l_855,0.0015810990183107094
l_856,0.00017081196414417489
l_857,0.0003824579322951511
l_858,0.0019117415692885848
l_859,8.317070259616327e-05
l_860,7.023897562640201e-05
l_861,0.0009020130453159163
l_862,0.0010171261973267237
l_863,0.00019676104226199614
l_864,0.00018065352402853163
l_865,0.0003021973275499589
l_866,8.103247895612405e-05
l_867,0.0007038375573178546
l_868,4.692946830807316e-05
l_869,0.0012394461819853404
l_870,0.0013642621064804796
l_871,0.00012752429577918124
l_873,0.00017479931093457554
l_872,0.00026778076651026245
l_874,0.0006738874638746191
l_875,3.28023819129014e-05
l_876,0.00030680538623685045
l_877,0.0001785025862200401
l_878,2.9920337252230427e-05
l_879,1.014255436248793e-06
l_880,0.00017423493465376264
l_881,0.0017422320696878174
l_882,0.00022352957535853163
l_883,0.00033605068866077994
l_884,0.00016137565039509835
l_885,0.000672007536484556
l_886,0.00017869614034996478
l_887,0.0007200837224432867
l_888,1.7760919145282065e-06
l_889,4.098958310336801e-06
l_890,0.0003217549299387193
l_891,3.554411045858403e-05
l_892,4.23032599984161e-05
l_893,0.00011891611822354513
l_894,0.006525185072098471
l_895,0.0015273155408405796
l_896,2.2938101387132074e-05
l_897,0.005279436284891161
l_898,8.990513334669167e-05
l_899,0.0027008118872417913
l_900,0.0005104737129309418
l_901,0.0002990733961784263
l_902,0.0011591812759406434
l_903,0.0004195834675291414
l_904,0.00044016934128258224
l_905,0.0006639307092067429
l_906,0.00013398649525418643
l_907,0.00036972000727427204
l_908,0.0001934499840704917
l_909,0.00024086634409510273
l_910,0.0003091485454319396
l_911,0.00017561547975102182
l_912,0.0004676538151690177
l_913,0.002189999948416293
l_914,0.008191206516393554
l_915,0.001069665285959206
l_916,0.012493870987586468
l_917,0.0021267182829973726
l_918,0.0026476605390473172
l_919,0.0028210029640436183
l_920,0.00012417974119947683
l_921,0.0002611713592430803
l_922,9.840539547303505e-05
l_923,0.001008698913985824
l_924,0.00021404810477889533
l_925,0.004227938298346127
l_926,4.4140057948160174e-05
l_927,1.9162875727542366e-05
l_928,6.0075227440942026e-05
l_929,1.933177548172942e-05
l_930,0.0001695683365580765
l_931,0.00033942507197561104
l_932,0.00019729719763885483
l_933,0.0004835518538645681
l_934,0.00023955277241354737
l_935,0.0002160432640037896
l_936,0.002519557433945254
l_937,0.0015374463903343966
l_938,0.00013522121206623806
l_939,0.00027313326119112467
l_940,0.00014842702524532674
l_941,4.709007647754064e-05
l_942,5.3494135126368706e-05
l_943,0.0004760017160135154
l_944,0.0021949680463992935
l_945,0.01578385768964625
l_946,0.008228521315104233
l_947,0.007328560213552728
l_948,0.005253377568505612
l_950,0.0005609975910920843
l_949,8.484449895648163e-05
l_951,0.001259277666287806
l_952,0.00102417345807763
l_953,0.0003785851626901388
l_954,0.0009861353733546176
l_955,0.005656633901670679
l_956,0.0001756512124906663
l_959,0.0006155623214935351
l_958,0.00010733270938342278
l_957,0.0003079122125185686
l_960,0.00024384307601992282
l_961,0.00029321196693781935
l_962,0.00030144887622127913
l_963,0.00012351557392419122
l_964,0.00103051487017015
l_965,0.00030932635972927654
l_966,4.343248867205975e-05
l_967,4.5046493291619916e-05
l_968,0.00012990217257460542
l_969,0.0002706071131925989
l_970,9.506585827982095e-05
l_971,5.9521138299403696e-05
l_972,1.0483988229290894e-05
l_973,2.5025573357066227e-05
l_974,0.00022667339137724405
l_975,0.00016625977201041825
l_976,2.9383495657912832e-05
l_977,0.00013101275798951554
l_978,0.00021328673451859265
l_979,0.0001789412043417565
l_980,0.0014324588273611936
l_981,0.0023070936633927965
l_982,8.939468162551794e-05
l_983,0.00015644832230945704
l_984,0.00012405533460633911
l_985,1.3336882435886384e-05
l_986,0.00013982031606560573
l_987,5.1697940936670684e-05
l_988,2.119776731326544e-05
l_989,4.2020508872058004e-05
l_990,0.00026075076490497684
l_991,0.001774343740299805
l_992,0.00019449686228731068
l_993,0.000961110835367464
l_995,9.453991575104333e-05
l_994,0.0005269103430450117
l_996,0.00021399294544093957
l_997,2.5740527005938168e-05
l_998,0.000277074691929972
l_999,1.8716001905497297e-05
l_1000,0.00020889668009533308
l_1001,2.748647679225641e-05
l_1002,0.00042590398036522476
l_1003,0.0001355149782025071
l_1004,0.00013187764678873083
l_1005,0.001160272750517998
l_1006,0.0012329473086380239
l_1007,0.00012707617529839787
l_1008,0.00026160181363892916
l_1009,0.00026314832977781323
l_1010,0.0002886520108656263
l_1011,0.00013506736888434088
l_1012,5.625195853427433e-05
l_1013,5.6213961461219774e-05
l_1014,8.015186688846349e-05
l_1015,0.0001444792099202209
l_1016,5.9553985860447826e-05
l_1017,0.00024126930010593694
l_1018,7.569002301772256e-05
l_1019,6.379809531688569e-05
l_1020,6.684928109252149e-05
l_1021,9.640851431456366e-06
l_1022,0.00036552229391645613
l_1023,7.046385448676454e-05
l_1024,3.570763298100336e-05
l_1025,0.00015239995499514482
l_1026,2.9948799623249906e-05
l_1027,0.0007332846818584877
l_1028,0.00017932339765727728
m_331,0.001751153102798376
m_449,0.0005003985685436656
m_636,1.7131332156916818e-05
m_649,0.0018722244732515855
m_555,5.776893645183236e-06
m_648,0.00013515465679390297
m_598,2.5412248744348232e-05
m_309,0.0001851477711494575
m_644,1.0888806450666449e-05
m_516,6.225912175673243e-07
m_272,0.00030289120375153887
m_389,0.0029862333447254015
m_418,9.685807498519035e-05
m_575,0.0003087174181111155
m_282,0.00017898053394936386
m_395,6.993729576309757e-05
m_659,0.0052571358283805296
m_72,0.0001671730363985241
m_160,8.751866892876288e-05
m_572,0.0007149083149349624
m_568,7.840928549680526e-05
m_121,0.0001745247719442572
m_205,0.0019220877879800348
m_149,0.00018561687142346113
m_173,0.001884126696713829
m_51,0.000563906389232463
m_47,0.0002633125676355298
m_54,0.003815496196288329
m_300,0.00012069808330777785
m_14,0.0005372467188119092
m_111,5.4819933835241825e-05
m_258,0.000762678890052244
m_20,0.0007398531231146616
m_158,0.0006816414845585188
m_11,9.403842795705752e-08
m_10,0.0001570663241591509
m_27,0.00022771919071947375
m_3,1.2901083840072752e-06
m_16,0.001780093925272868
m_22,0.0009024397422260697
m_194,0.00012247820929781395
m_685,2.80823094626496e-05
m_1,6.156595602441652e-05
m_503,8.926083599423904e-05
m_119,0.00016035648059708964
m_292,4.09387711374015e-06
m_126,4.1497731529719056e-05
m_45,0.0025947611932217226
m_73,0.00024619653130659677
m_6,1.6222712644526834e-05
m_316,5.137128886268254e-05
m_486,1.3795465946424886e-05
m_40,1.7901173497065615e-05
m_342,4.9078025917741e-05
m_238,0.00038081261814183737
m_55,5.634835688900712e-05
m_50,1.784126719849697e-05
m_378,7.498914337538139e-05
m_420,2.5952093950195383e-05
m_263,3.0404785874100413e-05
m_592,5.4563710511170555e-05
m_370,4.670843529275596e-05
m_26,7.154735470263968e-05
m_17,9.853584749789073e-06
m_490,0.00010849420440909391
m_328,0.00024235218487218856
m_385,1.721935286769893e-05
m_259,5.3132599542639024e-05
m_244,5.3543272392193686e-05
m_392,6.0810190227143996e-05
m_161,0.0002564763213922974
m_336,0.00014119898072362082
m_439,0.00039257627992419315
m_58,0.00023992842136332537
m_124,3.9771142469438654e-05
m_647,0.0002925166761777311
m_178,0.00014605052212452414
m_593,4.248225443574091e-05
m_76,0.0001473459261885671
m_144,0.0002053925985634774
m_86,4.184013447017563e-05
m_222,0.0003093841292403339
m_360,3.2091245381932975e-05
m_357,0.0004932774770265633
m_415,7.16578539288814e-05
m_346,7.470497061149975e-05
m_235,9.700150951067606e-05
m_371,0.00019670982017190686
m_181,0.000773820497115717
m_64,2.1324184627035775e-05
m_290,8.943642997371412e-05
m_82,0.0003020732992293325
m_373,8.56101249898322e-05
m_189,5.2287125642927936e-05
m_372,1.6159801414418967e-05
m_68,6.479500146748036e-05
m_458,7.473628507702869e-06
m_67,0.00041389483870613226
m_206,0.000275593191893696
m_656,0.00029912581095140994
m_118,0.00011442716412454945
m_108,0.0003853446087015691
m_428,5.023182535444158e-05
m_155,0.00030403396381853534
m_281,0.005217018148985705
m_152,0.0005499990616940818
m_136,0.0022823283911914813
m_153,0.000884623260311645
m_94,4.5846795444912285e-05
m_166,0.0003580037561146448
m_62,0.0002759424434807171
m_218,0.0001272195897270851
m_377,0.0002660852346600953
m_688,0.0002008320950127122
m_520,0.00014944960567403728
m_502,0.0002749036266971111
m_412,3.4097056245667645e-05
m_424,0.00011548904117940027
m_224,3.596481519237314e-05
m_545,3.521779230625881e-05
m_364,5.6406324237003743e-05
m_134,4.030959044483595e-05
m_437,7.572463235295198e-05
m_440,2.6426152252837085e-05
m_454,0.00018873255743381183
m_684,2.1587662318961e-05
m_455,0.00014769859590300707
m_700,0.0010176623836576067
m_468,5.0661887159460154e-05
m_137,0.0017238524828728688
m_663,0.0011524950618776897
m_491,0.0002532583177670454
m_582,0.00021046533171899766
m_573,0.00015349838320144983
m_518,0.00043131070436485227
m_514,0.00042353367518891706
m_463,0.000410211511258501
m_230,0.0002966686031168089
m_679,0.0004422700093363867
m_530,0.00035280139330268363
m_284,0.00033960957176619433
m_539,0.00017457066507642262
m_529,7.50116466717962e-05
m_554,0.00011982706050471359
m_567,0.0030364898845543394
m_668,0.00011568818265038541
m_553,2.74893138689718e-05
m_464,0.000131272982956367
m_419,0.0009174985179098335
m_237,0.00015733600749737569
m_220,3.581753624430386e-05
m_273,0.00013393517038368016
m_145,0.00037325272831854347
m_467,0.0008972107512139875
m_398,1.851916344986908e-05
m_513,0.000675053940329436
m_538,0.00010196423814888908
m_44,0.00030024547166568886
m_403,3.017461862077963e-05
m_531,5.5442617274883235e-05
m_46,3.067178152713181e-05
m_353,0.00042858815669769224
m_351,0.0002075436100365538
m_512,0.00026958520534198016
m_81,0.0005624474944949044
m_23,0.00013640923747024005
m_110,0.00010636714575812563
m_201,0.00019318535757561207
m_142,0.00010727551331997392
m_367,0.000423440358024745
m_225,0.00018810731258792648
m_632,3.303464535982382e-05
m_103,0.000334126065403868
m_188,8.745374893740144e-05
m_295,9.009849222751831e-05
m_270,0.0003577443224744133
m_354,0.00021835314650865773
m_211,0.000550077441749255
m_332,0.00014623330790439283
m_175,0.00012775323022544237
m_57,0.00012242700976202147
m_397,1.070977917490442e-05
m_164,0.00021694888040965236
m_174,8.767813356794194e-05
m_308,7.875268026792965e-05
m_255,0.00010148301201264044
m_107,6.976609852792116e-05
m_620,0.00032545106724794645
m_654,0.00020920700120597682
m_388,2.6461031367907223e-05
m_407,0.0034166604299591535
m_229,0.0017002231268815804
m_703,9.378337336633185e-05
m_262,0.0007136029352030283
m_335,3.1115390683381773e-05
m_546,0.0004974705624244007
m_629,3.339385666281512e-06
m_446,0.00011091391397568775
m_338,1.8629357772478358e-06
m_61,0.00017789706541881728
m_487,0.0001121919208809883
m_186,6.462510036909835e-05
m_172,4.0481436159848616e-05
m_382,3.4365242444985895e-05
m_461,0.000125585034681881
m_311,0.0017653164291366466
m_167,4.240848096511229e-05
m_669,0.0005824324687756879
m_526,0.00011298500078484847
m_601,3.1913931419741496e-05
m_528,0.00014178042906831553
m_406,4.612855000073275e-05
m_580,0.00014951703681701894
m_608,0.00025396691861315516
m_652,5.011641302092664e-05
m_687,7.66815682463535e-06
m_638,4.698008071975226e-05
m_148,9.9398393297523e-05
m_563,0.00039396168455228965
m_533,0.0003003833054598617
m_704,0.0017943597132810587
m_349,2.9410185565490323e-05
m_302,0.00035815926356194157
m_416,7.723642563508331e-05
m_470,0.00010026225984007517
m_299,0.004358724493325711
m_330,0.0008075519468931896
m_612,0.0013309677237790534
m_610,1.651310554045965e-05
m_613,0.0018335696390813206
m_515,0.0001500506484454277
m_114,7.156509816788495e-05
m_697,5.760265777444877e-05
m_179,0.0002807282272656443
m_19,0.0009900567582414184
m_672,0.00042084771247032516
m_170,0.0004607299835752527
m_34,0.0010666395866679263
m_386,0.00012454755653916477
m_120,0.0006698301215495028
m_334,6.150415088486356e-05
m_123,0.00015104308528954836
m_615,5.850387374513661e-05
m_655,2.57495133884454e-05
m_182,6.738141781944947e-05
m_283,5.703755599332129e-05
m_129,5.016251385433887e-05
m_702,0.00018122845574337012
m_692,0.0003020154299165554
m_599,1.125474870026331e-05
m_607,0.0002890869966319296
m_560,0.0010978567755670812
m_571,0.0015787514468826396
m_678,0.00040549333693429084
m_452,0.0001767312808835403
m_350,0.00012638328586400726
m_4,0.0001740124343331858
m_112,0.00017730338290448594
m_115,0.0002070750279801313
m_535,0.0005085794801186265
m_356,4.015669442918107e-05
m_38,0.00036136379114334584
m_622,0.00022973189705522145
m_326,0.00010235888871436756
m_190,0.00010480539837996829
m_589,0.00016848602237807351
m_198,0.012080779298247434
m_562,0.002621674059278648
m_540,0.0014791243924194947
m_497,0.00030069486780606887
m_241,0.0017648955966688676
m_156,3.666727822617444e-05
m_105,0.00024095786679466006
m_310,0.0024189273918982894
m_381,0.00016413684906091896
m_536,0.00037015932684203836
m_591,0.0002485452171822971
m_585,0.0021583513233084536
m_131,0.0005335374069314713
m_361,0.005393998895754309
m_680,0.0005097504560538587
m_279,7.685985198246691e-05
m_492,0.0006589543123993166
m_366,0.002636207340379982
m_483,3.441244042067358e-05
m_476,0.00017275222678314156
m_683,0.0005916682293370942
m_374,0.0001595401163287688
m_77,5.696653497386949e-05
m_445,0.001574128948003663
m_646,0.0001257513141122926
m_496,0.0021522152057336296
m_475,0.00017591985226846706
m_696,0.00023630701267254636
m_595,0.003972784529336465
m_254,0.00013248241652626504
m_699,0.0001524019440649676
m_521,1.937551493223176e-05
m_583,0.002035330494158163
m_509,0.0005798847194604821
m_260,1.914918432814721e-06
m_232,2.2222579825272883e-06
m_667,2.6613070057845563e-05
m_651,7.382295074258987e-05
m_451,0.0005036240273432389
m_570,6.15211414165755e-05
m_274,4.1023226635236216e-05
m_298,0.00014321192881745765
m_264,0.0002244658730374233
m_565,3.835448259334348e-05
m_604,0.00020641071064962844
m_333,0.002124209899397896
m_543,2.7192695833809643e-05
m_686,0.0002250440889862554
m_618,2.251591812443933e-05
m_640,0.00027984266030675305
m_242,0.00016430144074551997
m_561,1.911180916537354e-05
m_550,5.738879832087693e-05
m_456,7.38137060456747e-05
m_524,5.6455912598918e-05
m_426,3.506150140405011e-05
m_661,0.00012164787292972495
m_405,3.330909871572844e-05
m_619,0.0003430065081010974
m_547,0.00013154997523360783
m_675,0.0004009105231407671
m_500,6.176774787272776e-05
m_343,6.781922977423592e-05
m_541,8.179304148420743e-05
m_130,3.168705899388943e-06
m_60,0.0001003269861034899
m_400,7.142471997858256e-06
m_345,9.350095230504668e-05
m_69,9.369756352626182e-05
m_494,0.00029509162827092003
m_396,0.00013235079688946456
m_665,0.00015005218831041223
m_662,5.922510553688577e-05
m_13,0.00011901513417921022
m_363,3.934813973663246e-05
m_481,2.401291781293985e-06
m_320,0.00017273196803868824
m_157,0.00013398008835853228
m_12,9.522418825040964e-05
m_626,0.00027712456824201693
m_448,0.00019696352414827297
m_511,3.540688782551708e-05
m_417,0.0001309234841614648
m_216,8.69123260474128e-05
m_365,9.727440358064116e-05
m_329,5.609097405349208e-05
m_508,2.340037717667427e-06
m_39,0.0001228943420694297
m_477,0.00024057039527530368
m_313,7.193875172439261e-05
m_462,0.00027185833976864316
m_501,4.727313349782975e-06
m_643,1.4855312978572222e-05
m_506,0.00011014926808617913
m_191,5.279080629104538e-05
m_133,1.2174000754266218e-05
m_549,0.00014553406672143554
m_574,2.0980759604118205e-05
m_204,1.863883810451834e-05
m_650,0.00021682587913586927
m_594,0.0004389441925063368
m_289,0.00031774871051039934
m_701,0.00024218250225608893
m_246,0.0005387081371112884
m_83,9.055328720552049e-05
m_375,0.0004607454593716026
m_341,5.4149492696937644e-05
m_576,0.00046757513078716275
m_658,9.819598720325482e-05
m_666,6.718118821304853e-05
m_127,0.0001679236144996586
m_436,7.287916503335059e-06
m_670,0.0001811727324072716
m_605,0.00015676503201521907
m_695,0.00012630999161842695
m_690,0.00012038901058610896
m_504,0.0002574140557821028
m_578,0.0001440020557459324
m_657,4.89796001900311e-05
m_596,8.360678816654746e-05
m_147,1.0718659110248576e-05
m_482,1.611684990163272e-05
m_307,6.178896549823911e-05
m_358,3.731450820867598e-05
m_393,2.4784343291159034e-05
m_422,4.08568667365987e-05
m_210,4.187805994054115e-06
m_317,5.018972057553717e-05
m_87,1.874772926902698e-05
m_75,0.0003244476897325229
m_228,6.506779408283857e-05
m_21,8.022823336649413e-05
m_471,2.8315731214345315e-05
m_642,4.316927127161618e-05
m_423,4.511971581502849e-05
m_588,0.00010437721755585547
m_339,0.0001845819583698288
m_484,0.00031024088876088616
m_140,4.851550542092375e-06
m_29,1.1567558146688648e-05
m_249,0.00012149942456112547
m_641,0.00034056510384854275
m_306,8.792664234162024e-05
m_85,0.00012979678052353058
m_425,7.260214091247474e-05
m_236,0.00011326781816653738
m_337,0.0002449135066050271
m_579,0.0002314020697151904
m_245,7.233046422529261e-05
m_606,4.927996832638471e-05
m_96,0.00012847645897624723
m_369,9.649966205321009e-05
m_252,0.00015719629622344363
m_469,0.00010590146038120762
m_414,0.00012209872140167089
m_691,0.0007296101606979995
m_694,4.5601061384573625e-05
m_566,8.210547315122947e-05
m_301,5.725698616751001e-05
m_312,6.265355829455101e-05
m_590,8.340623040180117e-05
m_564,3.2612753396102685e-05
m_390,5.5817764333488006e-05
m_99,3.191960822577681e-05
m_681,0.0003545014505929658
m_394,0.00014278426272570558
m_698,4.988453694097302e-05
m_472,0.00013112449379280077
m_671,0.0003864962835937784
m_261,5.004836659955994e-05
m_185,9.996361135418152e-06
m_603,3.8526080926939334e-05
m_442,7.837852714652633e-05
m_304,7.604543135076168e-05
m_645,5.197184772220909e-05
m_551,0.00021095585272375885
m_522,9.648388789586259e-05
m_380,5.7662055726661144e-05
m_677,0.00011881161691695549
m_240,0.00021546905721352648
m_525,5.0465364756450344e-05
m_227,0.00011319502080804053
m_146,2.7670685722252724e-05
m_611,5.656882160038578e-05
m_625,5.300723297194122e-05
m_71,2.7640759923233396e-05
m_689,0.0001388661769742202
m_404,0.00017010178342352346
m_323,6.249588787131719e-05
m_196,6.642109155128904e-05
m_597,0.0001990713334300791
m_215,6.812470121152302e-05
m_609,0.00013953254685920244
m_379,1.020436353124546e-05
m_285,5.9665673971274086e-05
m_413,1.0690861897753217e-05
m_676,0.00010264787292573675
m_523,0.00018503942656259638
m_635,0.00029801975025380245
m_450,7.5740150976410064e-06
m_321,2.9741034103623058e-05
m_168,6.366831527866437e-05
m_184,3.5927515304982316e-05
m_256,8.616258521773825e-05
m_239,4.9295956267057166e-05
m_150,2.3723567111105722e-05
m_296,0.00017937122746132977
m_92,1.1419079445409385e-05
m_106,3.8618518241601754e-05
m_176,0.0002268600745038685
m_214,3.2337012574458067e-08
m_56,0.00019363255463570442
m_43,0.00012788931528425076
m_138,4.37164877049464e-05
m_28,4.616571177654108e-05
m_41,6.513067473851645e-05
m_91,9.936852163918996e-05
m_63,5.691851313197277e-05
m_33,2.8915594546239854e-05
m_7,4.954253577213308e-06
m_48,4.400182018473087e-05
m_223,0.00011852150797519652
m_18,6.099007658099871e-06
m_0,5.235916659191313e-05
m_15,0.00015448871773332158
m_180,0.00041715449536116375
m_614,2.3141869769636496e-05
m_559,7.706850912028879e-05
m_542,0.0001256279123569068
m_489,0.0001474976625061917
m_507,5.390841212770496e-05
m_401,2.620392214444757e-05
m_257,0.00010802618386235321
m_197,1.0481983685352554e-06
m_65,6.802469807446642e-05
m_410,0.00015641946121520823
m_478,2.888130386953833e-05
m_324,7.49960744786852e-05
m_384,9.63829330325211e-05
m_474,0.0017473418127347635
m_202,0.0010713338313092864
m_537,0.0010667110313384545
m_427,0.0052060573425912245
m_234,0.0050839140838765335
m_219,4.95362607512084e-06
m_32,0.00012101175800956818
m_352,0.000366792304195018
m_159,0.0007479399186913775
m_348,0.00012411512211421132
m_421,8.639856614774213e-05
m_231,0.00028135290150802157
m_208,0.003106391420815203
m_89,0.0004723615837175675
m_434,0.0006944662483915242
m_411,0.0013209740871409142
m_79,2.2416796461679815e-05
m_673,0.0007121501210914212
m_52,0.0010532788649453416
m_577,7.6266770187086596e-06
m_433,0.0003352917150400218
m_435,0.00013190429032887736
m_584,1.7676535269158307e-05
m_430,0.0004198600068336119
m_265,0.00024253367766453635
m_53,3.143135624915061e-05
m_532,0.00046663346082503085
m_485,0.00017935880714432917
m_653,0.00010525365995025458
m_558,0.0005708074190704962
m_59,0.0002308694725413752
m_488,0.00014039190297498923
m_143,0.0006977999084397686
m_431,8.990671695930428e-05
m_8,0.00016661280883386933
m_355,8.796388302119007e-05
m_269,7.294417527382181e-05
m_66,9.262578047931971e-05
m_101,0.00028165351771565093
m_429,0.002424314462636405
m_135,0.0009555948710843485
m_42,0.0006343511862168964
m_498,0.00010106126462717457
m_165,0.00013583476991891341
m_200,0.0001711798097961432
m_84,5.2405108119167594e-05
m_199,0.0001899412823199203
m_250,0.00013916635498795247
m_5,6.387295720864228e-05
m_49,1.1682195984685879e-05
m_113,4.887789115577103e-05
m_314,9.99898063695141e-06
m_443,8.159583603236939e-05
m_347,9.120697154632078e-05
m_315,3.6983712870306576e-05
m_303,0.0001278252429911048
m_9,0.00023410143010665118
m_2,0.0002442523550408894
m_402,9.553054001375012e-05
m_479,3.0475508153845475e-05
m_95,0.0002471804592396181
m_293,0.00028815617191758924
m_36,0.00019642079570039494
m_327,2.184677546226661e-05
m_499,0.0004080415355633624
m_177,0.00010975913332716091
m_519,0.000563550161195049
m_207,0.0001691074538793116
m_466,0.0006768768043371312
m_438,3.700833064736771e-05
m_527,4.521059746889585e-06
m_444,9.512049941151068e-05
m_383,8.361964286278492e-05
m_209,3.473005795351019e-05
m_80,0.0019803229758455225
m_97,0.00047557792029818757
m_98,0.0016512217885876355
m_664,0.00015440437650141448
m_275,0.0006782420707594608
m_163,0.0002764454563979884
m_192,0.00015977623332162467
m_409,0.0010938690023626686
m_621,6.288528085635952e-05
m_266,1.1284693653458295e-07
m_639,3.214559145379973e-19
m_154,0.0003880345964342662
m_408,4.7322504125334046e-05
m_305,0.00013009238477903505
m_399,8.61202674462869e-05
m_325,0.0005322324650653228
m_617,0.00040661056578633874
m_277,2.803847787307184e-05
m_286,0.00016597452541948466
m_359,0.00017753206642326055
m_100,0.00025986687457101205
m_276,0.0004650905897588147
m_109,0.0008662315565105501
m_251,0.0005280903960970804
m_453,0.0002674645846276895
m_195,0.0006122508230018245
m_253,0.002874142138820968
m_278,0.0021151454657507398
m_78,0.000602906698147954
m_132,6.288135114234485e-05
m_162,0.00020859469884085472
m_128,0.002297346196258107
m_203,0.00034211855274177773
m_30,0.0006404907192976062
m_104,0.0001496715030148113
m_31,0.0009769280052338229
m_116,0.00023810289470816348
m_25,0.0018960247825217968
m_93,0.00011406662725732346
m_267,0.00012794732828848938
m_268,0.00015688975584974017
m_297,0.0012068090707208637
m_517,0.0020470569778396445
m_74,0.0020990814744949204
m_102,0.0019478623436207463
m_459,0.0008949538422602125
m_280,0.0015283176152017378
m_344,0.00011480028377735417
m_556,1.6551282060492646e-05
m_151,0.00011067256687284502
m_243,0.022388748788872856
m_248,0.00022624499735510121
m_212,0.0009791485082572637
m_581,0.0063809890032152814
m_633,7.393563948916136e-05
m_221,0.0004733906681443823
m_35,3.589580030082064e-05
m_693,0.022555158169058113
m_294,0.0002302754137491644
m_183,8.838426370679078e-05
m_460,6.424468439273139e-05
m_631,1.5080720680893927e-05
m_548,7.96752944815947e-05
m_630,0.0002132846187928932
m_141,2.3071218322872164e-05
m_600,0.0003233600475547057
m_627,0.00030428849148523174
m_473,0.000542288256091597
m_217,0.0005599014373553255
m_139,0.022174489050400047
m_391,0.014457912969678159
m_495,0.01049894580439073
m_37,0.02252293088470657
m_623,0.00011209385866890627
m_287,0.00015383860875389826
m_552,0.00021544132759284234
m_447,0.00035617998820697077
m_628,0.00036170370656667545
m_70,0.0001706576170907995
m_637,3.136443374668914e-05
m_318,4.3074501175176956e-05
m_493,0.00020183609304294758
m_587,0.00011615832481247651
m_193,3.175808667454026e-05
m_569,0.00011720051050644817
m_319,0.00010503088753575076
m_187,8.485165743680548e-05
m_88,6.304673773620017e-05
m_660,4.158553085079754e-19
m_387,8.604400049343287e-05
m_322,1.9159834042212655e-05
m_586,8.949132648052928e-05
m_233,6.475877346324755e-06
m_602,7.890168279216075e-05
m_362,7.356559215807e-05
m_534,8.029566250022894e-05
m_465,8.138275280176358e-05
m_125,0.0003025566066699028
m_480,0.00014173309148142436
m_634,1.672441075634719e-05
m_624,2.7638348473015233e-05
m_247,0.00022367638806317997
m_432,7.63156660032166e-05
m_376,0.00011973351766907917
m_122,0.0006332388474113444
m_226,3.705393132180519e-05
m_90,2.1501176752192695e-08
m_674,5.858551682317858e-06
m_117,5.3498622898191227e-05
m_682,0.00012439944414702328
m_368,8.559820832567486e-05
m_340,0.0002748864209090104
m_616,0.00016798929588907844
m_557,2.0579040970865403e-05
m_169,0.0005658219366345089
m_213,0.0002409489424642439
m_24,0.00013836910443613368
m_505,0.0001540844413540527
m_441,8.058685641413303e-05
