i,Annotation,Human association to T2D incidence,Nile rat non-fasted association to OGTT glucAUC,Nile rat fasted association to OGTT glucAUC,Elastic net fasted importance,Elastic net non-fasted importance,Elastic net fasted coefficient sign,Elastic net non-fasted coefficient sign,Nonfasted indiv linear model q-value,Nonfasted indiv linear model p-value,Fasted indiv linear model q-value,Fasted indiv linear model p-value,SRR,SRR 95% CI,SRR p-value,SRR q-value
l_0,AC 5:0,Increased,Not significant,Negative,0.0497237157481765,0.0,-,-,0.9172153274395748,0.8801100941790669,0.0454341403894791,0.005449517193628,1.13,1.08; 1.18,0.001,0.001
l_1,AC 4:0,Not significant,Negative,Negative,0.36092350683586155,0.0,-,-,0.0122124661287579,0.0047671088508281,0.0020534192817014,3.497662367695849e-05,0.97,0.88; 1.06,0.473,0.606
l_2,AC 3:0,Not significant,Not significant,Not significant,0.0,0.0,-,-,0.1385650696952033,0.0812311906091114,0.149438208091301,0.0364845589662225,1.06,0.98; 1.14,0.131,0.256
l_3,AC 2:0,Not significant,Not significant,Negative,0.029938972092900706,0.0,-,-,0.0897758168096087,0.0479144174881659,0.0104287180015372,0.0006323087066579,1.0,0.94; 1.07,0.993,0.998
l_4,AC 18:2,Not significant,Not significant,Negative,0.0,0.0,-,-,0.6519161882473958,0.549201217494435,0.0352939824675056,0.0037573437687195,1.08,0.88; 1.31,0.471,0.605
l_5,AC 18:1,Not significant,Not significant,Negative,0.0,0.0,-,-,0.4500295981468435,0.342073598023612,0.0124154173819132,0.000810658906413,0.98,0.84; 1.15,0.835,0.895
l_6,AC 18:0,Not significant,Not significant,Negative,0.043507720001167934,0.0009173875300437684,-,+,0.1785234998212905,0.1088372507782034,0.0021915223209391,4.204638464749988e-05,0.97,0.81; 1.17,0.759,0.854
l_7,AC 16:1,Not significant,Positive,Not significant,0.0,0.0,-,-,0.0246949192734318,0.0108039432419396,0.0570584675038515,0.00833628649566,1.11,0.81; 1.52,0.517,0.64
l_8,AC 16:0,Not significant,Not significant,Not significant,0.0,0.0,-,-,0.4338115105715168,0.3251277183559417,0.0504719346967919,0.0066269041298129,1.06,0.99; 1.12,0.083,0.184
l_9,AC 14:1,Not significant,Not significant,Negative,0.0,0.02679155502893977,-,-,0.188071491618941,0.1167938645610883,0.0036420936895686,0.0001085648935144,0.94,0.89; 0.99,0.02,0.065
l_10,AC 14:0,Not significant,Not significant,Negative,0.051353653100783846,0.0,-,-,0.3198673768181894,0.2252011623872561,0.0021915223209391,4.5008580467014665e-05,0.99,0.92; 1.06,0.746,0.844
l_16,LysoPC 20:5,Not in human SRR analysis,Not significant,Not significant,0.12071574347800954,0.031116949952411915,-,-,0.195788176019399,0.1224197182917605,0.1698788538940423,0.044609777104894,,,,
l_17,LysoPC 16:0,Not in human SRR analysis,Not significant,Not significant,0.02945424921543654,0.001762031615026248,+,-,0.456853775865775,0.3488819466512235,0.9024680598710132,0.8275292642678134,,,,
l_18,LysoPC 18:1,Not in human SRR analysis,Not significant,Not significant,0.009200580472291416,0.0,-,-,0.1850430972132092,0.1141252317092113,0.625957112614025,0.3842671236181582,,,,
l_20,LysoPC 22:6,Not in human SRR analysis,Not significant,Not significant,8.607284816045005e-06,0.06924074697629738,-,-,0.2807119583312079,0.1900633131639264,0.8282881017501976,0.6599133835222759,,,,
l_21,LysoPC 15:0,Not in human SRR analysis,Not significant,Not significant,0.030189032756090573,0.17522627984887418,-,-,0.0982267709635553,0.0534007853499527,0.5389808677215322,0.2996651177775717,,,,
l_22,LysoPC 20:4,Not in human SRR analysis,Not significant,Not significant,0.006254175172935502,0.057924274085923086,-,-,0.2358564352021386,0.1538339701566823,0.6432747676449961,0.4081530463269173,,,,
l_23,LysoPE 18:2,Not in human SRR analysis,Not significant,Not significant,1.433253962134184e-05,0.0,-,-,0.5608136016514796,0.4541435908334551,0.6580764567513755,0.4208139726990697,,,,
l_25,LysoPC 18:2,Not in human SRR analysis,Not significant,Not significant,0.0009519252720498262,0.0,-,-,0.3744568357986965,0.2713416815830157,0.639842797802883,0.4046131531883383,,,,
l_31,LysoPC 22:5,Not in human SRR analysis,Not significant,Not significant,0.0,0.0030139496789401824,-,-,0.3330306875627846,0.2363596079224873,0.8646648417969919,0.7265884830998144,,,,
l_32,LysoPC 17:1,Not in human SRR analysis,Negative,Negative,0.41824428975317207,0.0025561327771454877,-,-,0.0232230919857624,0.0100540000790029,0.0410279813346842,0.0047113979973883,,,,
l_33,LysoPC 16:0,Not in human SRR analysis,Not significant,Not significant,0.0002151123497837159,0.0012225076014358064,-,-,0.1454353975434879,0.0861877622063962,0.9361992602949156,0.8868268385196082,,,,
l_36,LysoPC 20:3,Not in human SRR analysis,Not significant,Not significant,0.018248944874907476,0.23752114463266957,-,-,0.0682073580425933,0.0346119666433315,0.6008553736643794,0.3558662005141428,,,,
l_38,LysoPE 16:0,Not in human SRR analysis,Not significant,Not significant,0.0001502428241530036,8.72034609906919e-05,-,+,0.46451598683711,0.3560519984273093,0.8405544004940013,0.6908175981348854,,,,
l_41,LysoPC 16:0,Not in human SRR analysis,Not significant,Not significant,0.015297679095574508,0.18860093563891203,-,-,0.6081767780797903,0.501562396116903,0.6275629710716066,0.3861583363513718,,,,
l_47,LysoPC 18:1,Not in human SRR analysis,Not significant,Not significant,0.04139100444776602,0.0010847530030270204,-,-,0.099189614173054,0.0542100840340493,0.6041006491340417,0.3618601475295466,,,,
l_48,LysoPC 18:1,Not in human SRR analysis,Not significant,Not significant,0.020316092225580232,0.01611735822249414,-,-,0.1336987832691042,0.077049973040818,0.4060722310604344,0.1853428534903646,,,,
l_50,LysoPC 22:4,Not in human SRR analysis,Not significant,Not significant,0.0005264437356808139,0.0,+,-,0.4491990326892007,0.3411234669818629,0.8405544004940013,0.689184279314097,,,,
l_53,LysoPC 17:0,Not in human SRR analysis,Not significant,Not significant,0.006282231424120536,0.0029153061379389106,+,-,0.6570971708109101,0.5544986061704558,0.7190043217230133,0.4965161142913357,,,,
l_54,FA 18:4,Not in human SRR analysis,Not significant,Not significant,5.156416066696875e-05,0.004685761844353508,-,+,0.0584691673368066,0.0287573690308069,0.0979292727494329,0.0196692577630159,,,,
l_55,LysoPC 20:2,Not in human SRR analysis,Not significant,Not significant,0.0,0.0,-,-,0.2893472064896602,0.1971421704968586,0.6075973441694982,0.3648658265652724,,,,
l_56,LysoPC 17:0,Not in human SRR analysis,Not significant,Not significant,0.011758980790325706,0.03121787359667889,-,-,0.5275562393065983,0.4152305673463574,0.6820180544637852,0.4482247824226153,,,,
l_60,FA 20:5,Not in human SRR analysis,Not significant,Not significant,0.00997381192411523,0.0,-,-,0.2807119583312079,0.18971186673576,0.2049570130191967,0.0594942642475879,,,,
l_61,FA 20:5,Not in human SRR analysis,Not significant,Not significant,0.00047151548084658487,0.0,-,-,0.3914698601363637,0.2864481375447771,0.4647134540475096,0.2372210849638935,,,,
l_62,LysoPC 18:0,Not in human SRR analysis,Not significant,Not significant,0.001453341349038129,0.21275630283921085,+,-,0.8036253578828352,0.732331412009624,0.9488832317057028,0.9145375646957732,,,,
l_64,LysoPE 18:0,Not in human SRR analysis,Not significant,Not significant,0.0018176792741357178,0.0,+,-,0.2987325901846673,0.2063261776655386,0.4535862311212677,0.2285636792733144,,,,
l_65,LysoPC 18:0,Not in human SRR analysis,Not significant,Not significant,0.003837791694195183,0.0002049155868187563,+,-,0.6310367248031303,0.5257892937678318,0.772270324566185,0.5717091440549398,,,,
l_73,FA 18:3,Not in human SRR analysis,Not significant,Not significant,6.415162613580697e-05,0.0,-,-,0.0678787421872022,0.0343006844835259,0.431010730025499,0.2101811358861539,,,,
l_76,FA 22:6,Not in human SRR analysis,Positive,Not significant,0.0,0.005792410637734763,-,+,0.0113874163875742,0.0043965610467284,0.6480747853974231,0.4130594646250237,,,,
l_78,FA 14:0,Not in human SRR analysis,Not significant,Not significant,0.00010641782810978925,0.01199990378274478,-,+,0.6991953998647549,0.5994521242275542,0.3593416515535941,0.1484292698397386,,,,
l_83,FA 22:6,Not in human SRR analysis,Positive,Not significant,0.0,0.0,-,-,0.0055654231398551,0.0019275560626325,0.9814647456053256,0.9696230843737498,,,,
l_84,FA 21:5,Not in human SRR analysis,Positive,Not significant,0.00010372808019886088,0.0038474597125522803,-,+,0.0018601644218054,0.0005003565052266,0.733401852627554,0.5193202622887494,,,,
l_86,FA 20:4,Not in human SRR analysis,Not significant,Not significant,0.00029449022516879784,0.0,-,-,0.1074007438949907,0.0594553443847358,0.9367143066356703,0.8881833312031624,,,,
l_87,FA 16:1,Not in human SRR analysis,Not significant,Not significant,0.0151068245526693,0.0,-,-,0.286970682447775,0.1951156236940869,0.3696833396644862,0.155695762975365,,,,
l_92,FA 18:2,Not in human SRR analysis,Not significant,Not significant,0.0016687539659530001,0.0003564373943183729,-,+,0.0891562508295059,0.0474571952605603,0.959720237903636,0.934142728575397,,,,
l_94,FA 22:5,Not in human SRR analysis,Positive,Not significant,0.0,0.004048824398270395,-,+,0.0020819969965854,0.0005821907854185,0.4139285822577911,0.1921286677051777,,,,
l_98,FA 18:2,Not in human SRR analysis,Not significant,Not significant,0.00010782088336691188,0.0,+,-,0.0825073412476107,0.043156785308367,0.6881620120601339,0.4555073777728385,,,,
l_101,FA 22:5,Not in human SRR analysis,Positive,Not significant,0.0001552525546524656,0.0,-,-,0.01221628513296,0.0047946101338019,0.9837338047357326,0.9732611240607604,,,,
l_104,FA 20:3,Not in human SRR analysis,Not significant,Not significant,0.0008006323110354956,0.002726873762699821,-,-,0.5795124549526255,0.4726503715105684,0.8961570777036487,0.8122019788698079,,,,
l_109,FA 16:0,Not in human SRR analysis,Positive,Not significant,5.341580624980352e-06,0.03140714609630626,-,+,0.033016834718534,0.0149970008657642,0.855690729040194,0.714559569481602,,,,
l_110,FA 20:3,Not in human SRR analysis,Not significant,Not significant,0.0018942658521339795,0.0,-,-,0.2688798037551054,0.1805254040825619,0.5939734503361495,0.3465196424246379,,,,
l_113,FA 18:1,Not in human SRR analysis,Positive,Not significant,0.0,0.0,-,-,0.0433768954806148,0.0202877034220902,0.6820180544637852,0.4474062361751619,,,,
l_116,FA 22:4,Not in human SRR analysis,Not significant,Not significant,0.015238308923673265,0.0,-,-,0.0538459085459923,0.0261013169176101,0.5371046133406605,0.2951235291603932,,,,
l_120,FA 18:1,Not in human SRR analysis,Positive,Not significant,8.336442573726783e-06,0.0,-,-,0.0447013178679361,0.0209705969557883,0.420246431270552,0.1995350337260463,,,,
l_122,FA 20:2,Not in human SRR analysis,Positive,Not significant,0.05314964788962234,8.246980120462814e-06,-,+,0.0485140405902007,0.0229582887866384,0.1853797762152703,0.0503906701848463,,,,
l_123,FA 24:5,Not in human SRR analysis,Positive,Not significant,0.00022746056448220416,0.1956469139850854,+,+,1.9514876022992387e-05,1.5512179663414814e-06,0.0596961327085974,0.0092785330469715,,,,
l_124,FA 20:2,Not in human SRR analysis,Not significant,Not significant,0.09933385718746877,0.0,-,-,0.1290627340219247,0.0734856379270344,0.1612978444557696,0.0413261333204633,,,,
l_125,FA 17:0,Not in human SRR analysis,Positive,Not significant,0.049940743613458974,0.0,-,-,0.0275954744408287,0.0122015476058454,0.420246431270552,0.1993148208574223,,,,
l_127,FA 19:1,Not in human SRR analysis,Not significant,Not significant,0.035997439022649284,0.002485092240183759,-,-,0.5035099977615155,0.3920159457376738,0.064512594283155,0.0110344465736269,,,,
l_134,FA 18:0,Not in human SRR analysis,Not significant,Not significant,0.283175667035097,0.8425313956383633,-,-,0.8722499022001574,0.8183920303112904,0.0914887725945321,0.017791287218525,,,,
l_142,FA 20:1,Not in human SRR analysis,Positive,Not significant,0.39155776245473856,0.026196487103081145,-,+,0.0180273489928077,0.00757430135113,0.0558770377166082,0.0080107605527004,,,,
l_145,FA 19:0,Not in human SRR analysis,Positive,Not significant,0.0,0.0,-,-,0.0331154176328625,0.0150652822588111,0.6386400576042465,0.4020503709012039,,,,
l_146,PC 34:3,Not significant,Positive,Not significant,0.00508690454310669,0.04268819046978651,+,+,0.0008794191641963,0.000197229564149,0.1999213057203258,0.0567555161732649,0.97,0.83; 1.14,0.702,0.801
l_157,FA 20:0,Not in human SRR analysis,Not significant,Not significant,0.07219144051301796,0.004167137151282259,-,-,0.6951334266103721,0.5954762568621144,0.3536583549776127,0.1443247367722692,,,,
l_159,Alkenyl-DG P-16:0_20:5,Not in human SRR analysis,Not significant,Not significant,4.291441903553312e-06,0.0,-,-,0.1807595639283048,0.1104570507752096,0.9199494057110528,0.8526997330437436,,,,
l_160,PI 16:0_20:4,Not significant,Not significant,Not significant,0.0,0.0,-,-,0.1778249113580791,0.1079065288936534,0.8986948599945872,0.8170533113222613,1.06,0.92; 1.21,0.424,0.568
l_163,SM d32:1,Not significant,Not significant,Not significant,0.013171628487615326,0.0,-,-,0.7279409894785499,0.6297800327710095,0.3238714545052369,0.1254601404543634,1.05,0.95; 1.16,0.318,0.462
l_164,PC 36:3,Not significant,Positive,Not significant,0.0,0.22877952762181716,-,+,0.0003372789881083,5.55349362960533e-05,0.4033355595244461,0.1826317153843837,1.0,0.92; 1.08,0.943,0.978
l_165,PC 18:2_20:5,Not in human SRR analysis,Positive,Not significant,0.0009938196927069657,0.0,-,-,0.0136073156404824,0.005456446654984,0.6369234410377943,0.3989868823209995,,,,
l_166,SM d40:7,Not in human SRR analysis,Positive,Positive,0.13544769309394367,0.23877731650279155,+,+,8.933742203466712e-05,1.0345816712400168e-05,0.0036420936895686,0.0001043548625121,,,,
l_168,PI 16:0_18:2,Not in human SRR analysis,Not significant,Not significant,0.0,0.0,-,-,0.2115502693893328,0.1339267851634385,0.816605266791219,0.6338230141102708,,,,
l_172,PC 36:6,Not significant,Positive,Not significant,0.0,0.0,-,-,0.0140458014998763,0.0056821198402622,0.3861112946968882,0.170996059539289,0.99,0.9.; 1.08,0.786,0.868
l_173,PI 18:2_18:1,Not significant,Not significant,Not significant,0.0,0.0,-,-,0.5616176833943516,0.4555919177570928,0.4539582191370982,0.2293954946952547,0.95,0.78; 1.15,0.575,0.691
l_175,PC 42:10,Not in human SRR analysis,Positive,Not significant,0.08804319105907668,0.056794539292768856,+,+,0.0016133681237725,0.0004225215313499,0.0549571514096512,0.0076040954171039,,,,
l_177,SM d34:2,Not significant,Not significant,Not significant,0.0,0.0,-,-,0.1978105269880908,0.1241053980535644,0.8220694672484441,0.6448347221233263,0.95,0.86; 1.06,0.374,0.557
l_179,PC 18:3_18:2,Not significant,Positive,Not significant,0.0,0.0,-,-,0.002169458065661,0.0006189653246243,0.7977511101160167,0.6068573703419371,0.98,0.91; 1.05,0.505,0.627
l_183,PI 18:0_20:5,Decreased,Not significant,Not significant,0.0,0.005567693793065994,-,-,0.293842459497285,0.2006914108225054,0.8282881017501976,0.6616623501270061,0.85,0.80; 0.92,0.001,0.001
l_184,Alkenyl-DG P-38:6,Not in human SRR analysis,Not significant,Not significant,0.011391145366102326,0.020983338501485434,-,-,0.4732081443830147,0.3643937804510795,0.9748533563396662,0.9582483311074788,,,,
l_186,PC 38:7,Not in human SRR analysis,Negative,Not significant,0.016780284887904243,0.676794429324081,+,-,0.0039578400781627,0.0012803670736605,0.4214996848231692,0.2007283807781025,,,,
l_187,PC O-34:4,Not in human SRR analysis,Positive,Not significant,0.0,0.0,-,-,0.0001087179778375,1.3502942598700694e-05,0.1686772714853018,0.0440548161153946,,,,
l_188,PC 38:7,Not in human SRR analysis,Not significant,Not significant,0.01942369195208808,0.0018852933877670387,+,-,0.5104737733833394,0.3985245924213437,0.8057365558866648,0.6158823780624116,,,,
l_190,PI 17:0_20:4,Not in human SRR analysis,Not significant,Not significant,0.00040665850396173303,0.17141014354978523,+,-,0.1816348574662678,0.1113786492908839,0.7607363203238321,0.5526817019276657,,,,
l_192,PC 18:2_22:6,Not in human SRR analysis,Positive,Positive,0.0,0.0006204625901760672,-,+,5.1055142717295865e-05,5.086909989026121e-06,0.045887719539128,0.0055364885178507,,,,
l_194,PC 34:4,Not significant,Not significant,Not significant,0.07453945096954104,0.001237955579482926,+,-,0.7856291737174234,0.7070350991608938,0.4702186892238224,0.2445695158343276,1.06,0.97; 1.17,0.203,0.351
l_195,SM d36:3,Decreased,Positive,Not significant,0.007383373092213109,0.5384421437628285,+,+,0.0001262830405107,1.6789072200905168e-05,0.2524442709107894,0.0847453088295269,0.86,0.79; 0.93,0.001,0.001
l_197,PC 38:7,Not in human SRR analysis,Not significant,Not significant,0.026030268694398662,0.0031587808101988545,+,-,0.1602050863379831,0.0956227662244455,0.6792119752318962,0.4449344592895956,,,,
l_198,PI 17:0_18:2,Not in human SRR analysis,Not significant,Not significant,0.005048074792219167,0.0,-,-,0.4548127347704232,0.3470004896225727,0.4151653143243734,0.1936862472883127,,,,
l_201,PI 18:0_22:6,Not in human SRR analysis,Not significant,Not significant,0.0,0.0,-,-,0.1172423539894176,0.0655691802297097,0.3701003276941702,0.1585765044932349,,,,
l_204,PC 37:6,Not in human SRR analysis,Not significant,Not significant,0.0,0.05878894542526586,-,-,0.8293315875492693,0.7634088495751613,0.4950830651691525,0.2654796862931047,,,,
l_206,PC 14:0_18:2,Not significant,Not significant,Not significant,0.007994986027054852,0.002152520293278697,-,-,0.2762240025848262,0.1858483707951847,0.9468583222830896,0.9107724840560693,1.04,0.95; 1.14,0.384,0.528
l_208,SM d33:1,Not significant,Not significant,Not significant,0.0,0.0,-,-,0.1336987832691042,0.07696209065413,0.762541017527396,0.5563464627524224,1.04,0.80; 1.36,0.771,0.861
l_209,PC O-36:5,Not in human SRR analysis,Positive,Not significant,0.0,0.0,-,-,0.0001921987656988,2.810003245845247e-05,0.1268378424457846,0.0288963430980105,,,,
l_210,PC O-38:6,Not in human SRR analysis,Positive,Not significant,0.07376811427909823,0.0,+,-,0.0091695514659058,0.003397094297518,0.1156756526963602,0.0252168837776423,,,,
l_213,PC 18:2_20:4,Not significant,Positive,Not significant,0.18384798659365667,0.0,-,-,0.0135965197844832,0.0054317577919308,0.8376760170261747,0.6775836996297093,0.94,0.88; 0.99,0.032,0.091
l_216,PC 16:0_20:5,Not significant,Positive,Not significant,0.0021647659590438165,0.0002464924813399587,+,+,0.0437548495833994,0.0204955292583702,0.2916109026465902,0.1077719671880953,0.98,0.91; 1.05,0.505,0.627
l_217,PC 16:1_18:2,Not significant,Not significant,Not significant,0.0,0.00022379941970686028,-,-,0.7541198199075255,0.6640010126564801,0.9579961553291252,0.92836048837708,0.97,0.83; 1.14,0.702,0.801
l_222,PI 16:0_18:1,Not significant,Not significant,Not significant,0.0,0.0,-,-,0.1756618744295035,0.1062199552973293,0.6075973441694982,0.3656314480642382,1.11,0.92; 1.34,0.281,0.426
l_227,PI 18:0_20:4,Not significant,Positive,Positive,0.12179770370249157,0.004475772762566532,+,+,0.0005760340892255,0.0001081146725528,0.0284192592565277,0.0026364268344415,1.04,0.90; 1.19,0.615,0.728
l_232,PC O-40:7,Not in human SRR analysis,Positive,Positive,0.35827045655450257,0.0,+,-,0.0115290719903168,0.0044676176768722,0.003337397534177,9.000788239796288e-05,,,,
l_235,PC 18:2_18:2,Not significant,Positive,Not significant,0.0,0.0,-,-,0.0001232688820728,1.6010081915783158e-05,0.8474567654118632,0.7000991305460672,0.93,0.82; 1.06,0.261,0.411
l_239,PC 35:4,Not in human SRR analysis,Positive,Not significant,0.17471795259841635,0.0026473170219501914,+,+,0.0042557424782884,0.0013984448314035,0.0549571514096512,0.007658390803313,,,,
l_240,FA 24:1,Not in human SRR analysis,Positive,Not significant,0.28795461959575813,0.23218126478887807,-,+,0.0004458852822185,8.03796037498252e-05,0.2040453945430529,0.0590742458249287,,,,
l_241,Plasmanyl-PC O-34:4,Not in human SRR analysis,Positive,Positive,0.2184940244045807,0.0,+,-,0.0011320024114959,0.0002779793004809,0.0068462945413982,0.0003158333180914,,,,
l_242,FA 22:0,Not in human SRR analysis,Positive,Not significant,0.18785069117457673,0.0,-,-,0.0027571324229584,0.0008394675723556,0.3697252856490871,0.1573599068893466,,,,
l_244,PI 18:2_18:0,Not significant,Positive,Not significant,0.0,0.0,-,-,0.006746924275732,0.0023942243703804,0.8950996539050124,0.8056822587618735,1.0,0.93; 1.08,0.936,0.974
l_252,PC 16:0_22:6,Not significant,Not significant,Not significant,0.044350806147286724,0.0,+,-,0.1815526304463934,0.1111993754969748,0.1397819530503087,0.0329530010279326,0.94,0.88; 0.99,0.032,0.091
l_254,PC 15:0_18:2,Not significant,Not significant,Not significant,0.0,9.169601946699739e-05,-,+,0.0580613034521937,0.0285155585442995,0.9546483118169684,0.9228041168876586,0.83,0.64; 1.07,0.142,0.27
l_256,PC 18:1_22:6,Not significant,Not significant,Not significant,0.00036661709348074454,0.0001535912490606284,+,-,0.5252976212836495,0.4123942638686774,0.4046338117403533,0.184081102431204,0.68,0.39; 1.20,0.188,0.333
l_259,PC 35:3,Not in human SRR analysis,Not significant,Not significant,0.0,0.0,-,-,0.3906255782573283,0.2855531196629156,0.8116887098435782,0.62734492904163,,,,
l_260,PC O-32:1,Not in human SRR analysis,Positive,Not significant,0.0,0.0,-,-,0.0112689217868066,0.0043108224578344,0.7062782767230432,0.4782040283845161,,,,
l_261,SM d34:1,Not significant,Not significant,Not significant,0.0,0.0,-,-,0.4625173070628744,0.3541415302723267,0.8768704921864781,0.7530257597910848,0.97,0.88; 1.08,0.699,0.728
l_264,PC 37:5,Not in human SRR analysis,Not significant,Not significant,0.00022131404776855028,0.0,-,-,0.3030138012524539,0.2107548085361283,0.9361992602949156,0.8870305269650194,,,,
l_266,PI 18:0_20:3,Increased,Not significant,Not significant,0.0,0.0,-,-,0.4168438931072838,0.3109318180665403,0.7485875793844703,0.5355402980976196,1.13,1.05; 1.21,0.001,0.005
l_269,Plasmanyl-PC O-34:3,Not in human SRR analysis,Positive,Not significant,0.0,7.4778808595378e-06,-,+,0.0078474576314755,0.0028460261530759,0.7896128556359389,0.5945913696449475,,,,
l_270,Plasmanyl-PC O-16:0_20:5,Not in human SRR analysis,Positive,Not significant,0.0005895798306019745,0.00013835643672910545,-,+,0.0091097650036091,0.0033684794654935,0.7407449672906625,0.525723894457532,,,,
l_271,Plasmenyl-PE P-16:0_20:5,Not in human SRR analysis,Not significant,Not significant,0.0,0.0021221069932951583,-,-,0.3187445085174719,0.2239581713501044,0.782140889894571,0.583911635122804,,,,
l_272,Plasmanyl-PC O-38:6,Not in human SRR analysis,Not significant,Not significant,0.005506609389096928,0.030593006571748387,+,-,0.6897331106916869,0.5901758773264253,0.2178653133366856,0.0661791015671408,,,,
l_274,SM d36:2,Not significant,Positive,Not significant,0.0017907982056693575,0.0,-,-,0.0213021425719077,0.00919212397709,0.8750998035526969,0.7460287420455063,1.0,0.90; 1.11,0.991,0.998
l_275,PC 14:0_16:0,Increased,Positive,Not significant,0.0010129516411557147,0.0,+,-,0.0181530067782219,0.0076399808513027,0.2862322570148344,0.102101129749702,1.07,1.03; 1.12,0.001,0.005
l_279,PC 16:0_20:4,Not significant,Positive,Not significant,0.0822342204402327,0.00012731862433613261,+,+,0.028639186653333,0.012744336431256,0.0530940579862447,0.0071972782649912,0.93,0.82; 1.06,0.261,0.411
l_283,PC O-36:3,Not in human SRR analysis,Positive,Not significant,0.0,0.012468008658348463,-,+,0.0036088552613573,0.0011474571732349,0.9361992602949156,0.8866475404947394,,,,
l_285,PC 38:5,Not significant,Not significant,Not significant,0.0,0.03593623197797709,-,-,0.3099232271357443,0.2168802710829268,0.4702186892238224,0.2455029262035538,0.95,0.90; 1.01,0.089,0.192
l_289,PC 32:1,Not significant,Not significant,Not significant,0.10717366398365925,4.474266109672251e-05,-,-,0.8208593370394329,0.7538258812440487,0.1125576872013297,0.0238056712462713,1.09,0.99; 1.21,0.093,0.199
l_291,PC O-38:6,Not in human SRR analysis,Positive,Positive,0.14997979771160772,0.0,+,-,0.0210087116588666,0.0090505947316764,0.0274998948721139,0.0024396642008617,,,,
l_292,PI 18:0_22:4,Not in human SRR analysis,Positive,Not significant,0.0,0.0,-,-,0.0427869013776079,0.0199813918427721,0.9147270637386896,0.8459115429748139,,,,
l_295,PI 18:0_20:3,Increased,Not significant,Not significant,0.0,0.00012437764243736525,-,-,0.218461822528298,0.1401628726512288,0.8109203622537721,0.6227223789627973,1.13,1.05; 1.21,0.001,0.005
l_298,Plasmenyl-PE P-18:1_22:6,Not in human SRR analysis,Positive,Not significant,0.0,0.30009931352622077,-,+,2.0404873032127382e-06,6.082361017383606e-08,0.3531758990334901,0.1431540357702398,,,,
l_299,PC 39:6,Not significant,Not significant,Not significant,0.09689979830241371,8.059294750684419e-05,+,-,0.1994023697850948,0.1253871537470504,0.3460825477927973,0.1397593823237059,0.73,0.46; 1.15,0.178,0.317
l_300,PE 16:0_20:4,Not significant,Not significant,Not significant,0.028806868395947066,0.00667837567210488,-,+,0.662653431380198,0.561068519259458,0.8220694672484441,0.6438431376075671,1.18,0.98; 1.41,0.075,0.171
l_301,FA 23:0,Not in human SRR analysis,Positive,Not significant,0.059698142322035436,0.1390818318423754,-,+,0.0017430629308885,0.0004676208572575,0.4667229899218624,0.2391701709325126,,,,
l_305,PC 16:0_18:2,Not significant,Not significant,Not significant,5.385647336272097e-05,0.0,+,-,0.0681447702439339,0.0345318424089204,0.723898945226444,0.5029787561225612,1.01,0.89; 1.15,0.866,0.92
l_306,Plasmenyl-PE P-38:6,Not in human SRR analysis,Positive,Not significant,0.0,0.00024272929993133583,-,+,0.0016414278369953,0.0004356948268532,0.6039269516505517,0.3608194860864768,,,,
l_308,Plasmanyl-PC O-16:0_22:6,Not in human SRR analysis,Not significant,Not significant,0.024107771326628884,0.0,+,-,0.117619698333145,0.0658636919693764,0.2127934269227526,0.0637323109733155,,,,
l_310,PC 18:2_18:1,Not significant,Positive,Not significant,5.656438781335576e-05,0.0,-,-,0.0376467107697467,0.0173404650742126,0.5631084692301276,0.323560676440804,1.0,0.92; 1.08,0.943,0.978
l_313,PC O-40:6,Not in human SRR analysis,Not significant,Positive,0.06605898621147757,0.0,+,-,0.0718364769405862,0.0368104587303784,0.0334042213087097,0.0034613316615128,,,,
l_318,Plasmenyl-PE P-18:1_22:6,Not in human SRR analysis,Positive,Positive,0.001869947296669462,0.0013194162183847466,+,+,8.733892217041743e-05,1.0041806523497248e-05,0.0284192592565277,0.0026476657730944,,,,
l_319,PC 18:0_20:5,Not significant,Positive,Not significant,0.0,0.013127696062350088,-,+,0.0138549423985881,0.0055754097515965,0.666612075609968,0.4291108251087587,0.95,0.90; 1.01,0.089,0.192
l_321,Plasmanyl-PC O-33:2,Not in human SRR analysis,Positive,Not significant,0.0,0.0,-,-,0.0083078387559042,0.0030365769760757,0.4288991397204927,0.2085137762303318,,,,
l_323,PI 18:1_18:0,Not significant,Not significant,Not significant,0.0,0.0,-,-,0.1661738677914865,0.1002468329473126,0.9371842049949676,0.8923453298109131,1.04,0.93; 1.17,0.504,0.627
l_325,PC 18:1_20:3,Not significant,Not significant,Not significant,0.00019046761759638806,0.0,-,-,0.1264689547686969,0.0717400801350737,0.6974394131828885,0.4667745682267309,0.98,0.95; 1.01,0.206,0.353
l_326,SM d35:1,Not significant,Positive,Not significant,0.015845804602326347,0.13651886694577978,-,+,0.0010737629046716,0.0002568190907553,0.9436273343098116,0.904308607614676,1.02,0.90; 1.16,0.77,0.861
l_327,PE 16:0_18:2,Increased,Not significant,Not significant,0.0,0.00751631288443576,-,-,0.2385321984167244,0.1557484900946674,0.7553772998354751,0.5459591500489244,1.19,1.1; 1.29,0.001,0.001
l_328,Plasmanyl-PC O-36:5,Not in human SRR analysis,Not significant,Not significant,0.0,0.009496272091853069,-,-,0.799192710480372,0.7243215693991731,0.333800513529022,0.1326928957315419,,,,
l_330,PC 39:4,Not in human SRR analysis,Positive,Not significant,0.0,0.005910328501165475,-,+,0.0001076666003503,1.3295946388195574e-05,0.245797584013699,0.0809439879221833,,,,
l_331,PI 18:0_20:2,Not in human SRR analysis,Not significant,Not significant,0.0,0.0,-,-,0.2933550089012303,0.2000810245238342,0.6309111165525038,0.3906236495971514,,,,
l_335,PC 36:3,Not significant,Not significant,Not significant,0.0,0.0,-,-,0.1025655530747403,0.0564146938487748,0.6592620666487262,0.4234436978829646,1.0,0.92; 1.08,0.943,0.978
l_336,PC 31:0,Not in human SRR analysis,Not significant,Not significant,0.039779986672336086,0.0,-,-,0.2332226198680203,0.151785054946043,0.6990486777497387,0.4693621312416469,,,,
l_337,PC 17:0_20:4,Not significant,Positive,Not significant,0.20081119237995304,0.015282094117343752,+,+,0.0078182649997426,0.0028298900992681,0.2215781260004092,0.0688061850989899,0.81,0.58; 1.13,0.212,0.358
l_338,PC 33:1,Not significant,Not significant,Not significant,0.2892008809044932,0.004086731602363025,-,-,0.7341254393222688,0.6379916267323805,0.1877560399883413,0.0517028697767753,1.09,0.85; 1.38,0.504,0.627
l_343,Plasmanyl-PC O-16:0_20:4,Not in human SRR analysis,Positive,Positive,0.07335737932836608,0.06321977247371915,+,+,0.0027405595913773,0.0008324765827604,0.0204412551036939,0.0015523167466964,,,,
l_344,Plasmenyl-PC P-38:4,Not in human SRR analysis,Not significant,Not significant,0.0,0.0,-,-,0.2137723390424667,0.1356369560709477,0.5310948709088075,0.2913671648066062,,,,
l_346,Plasmanyl-PC O-38:5,Not in human SRR analysis,Not significant,Not significant,0.00971217876419746,0.0004460184929808059,+,+,0.059460219123094,0.0294136073305866,0.0924288286278411,0.0180396933091954,,,,
l_347,Plasmenyl-PE P-16:0_20:4,Not in human SRR analysis,Positive,Not significant,0.002073679393781159,0.01857657659114056,+,+,0.0055160065526328,0.001906526040548,0.0614118550400127,0.0101707134658574,,,,
l_349,Plasmenyl-PC P-16:0_18:2,Not in human SRR analysis,Not significant,Not significant,0.0,0.0,-,-,0.1243343043597109,0.070241381313222,0.6369234410377943,0.397466655377642,,,,
l_350,Plasmanyl-PC O-34:3,Not in human SRR analysis,Positive,Not significant,0.0,8.449489083563552e-06,-,+,0.0028193045089647,0.0008623990371638,0.2215781260004092,0.0687220624066549,,,,
l_356,PC 18:0_22:6,Not significant,Positive,Positive,0.36026443812628567,0.32689286469407,+,+,4.833763467172918e-05,4.7342750778556615e-06,0.0013598918797215,1.930293654679244e-05,1.05,0.97; 1.13,0.266,0.411
l_358,Plasmenyl-PE P-38:5,Not in human SRR analysis,Not significant,Not significant,0.02195582717363999,0.02729284367223438,+,+,0.0501972440064822,0.0239407721592307,0.1317139086374513,0.0306220263562735,,,,
l_360,PC 37:3,Not in human SRR analysis,Not significant,Not significant,0.08461272111132431,0.0,-,-,0.2153162366121466,0.1372278072943276,0.2916109026465902,0.1071177487093099,,,,
l_361,PC 17:0_18:2,Not significant,Positive,Not significant,0.0,0.0,-,-,0.0109247766212773,0.004155912185241,0.7614572121375637,0.5550152994075783,0.81,0.67; 0.97,0.025,0.075
l_366,FA 24:0,Not in human SRR analysis,Positive,Not significant,0.015998635805650134,0.0024433545888301153,-,+,0.000813096112534,0.0001794697594024,0.70283520044472,0.4748751673693211,,,,
l_368,PC 42:6,Not significant,Not significant,Not significant,0.0,0.0,-,-,0.059919672959488,0.0296834149934156,0.2040453945430529,0.0586339630083925,1.05,0.98; 1.13,0.193,0.338
l_369,Plasmanyl-PC O-16:0_18:2,Not in human SRR analysis,Positive,Not significant,0.0,0.0,-,-,0.0051073041898567,0.0017435154828396,0.4950830651691525,0.2651200827681408,,,,
l_372,PE 18:0_22:6,Increased,Positive,Positive,0.2117725521026083,0.0,+,-,0.0188717769629979,0.0079558804230097,0.0092215470124263,0.0005254208133427,1.21,1.13; 1.29,0.001,0.001
l_373,Plasmanyl-PC O-36:3,Not in human SRR analysis,Positive,Not significant,0.0,0.0,-,-,0.0122125195214128,0.0047844647095953,0.6972189071519173,0.4656373255003223,,,,
l_374,Plasmenyl-PC P-18:0_18:2,Not in human SRR analysis,Positive,Not significant,1.4392426107745087e-05,0.0,-,-,0.0113398563660539,0.0043701504661229,0.8750998035526969,0.7468330359695148,,,,
l_376,PE O-36:3,Not in human SRR analysis,Positive,Not significant,0.0,0.0,-,-,0.0475550851149939,0.022410629181232,0.6269684246695741,0.3853475200595111,,,,
l_377,Plasmenyl-PE P-16:0_18:2,Not in human SRR analysis,Positive,Not significant,0.0,0.0002928479733957316,-,+,0.0231691691252995,0.0100142114956049,0.7607363203238321,0.5525495474816096,,,,
l_378,Plasmanyl-PE O-36:4,Not in human SRR analysis,Positive,Not significant,0.0,0.0002846183085800032,-,+,0.0022129271623084,0.0006387709269709,0.4241147630301936,0.2045202992714398,,,,
l_380,Plasmanyl-PC O-38:5,Not in human SRR analysis,Positive,Not significant,0.00046427118663431313,0.00042790587024666484,-,+,0.0023937521561544,0.0007033452041504,0.816605266791219,0.6340426982750842,,,,
l_381,Plasmenyl-PE P-18:0_20:5,Not in human SRR analysis,Not significant,Not significant,0.0,0.0,-,-,0.1121554720276246,0.0625650823376245,0.9436273343098116,0.9047839096185633,,,,
l_384,SM d36:1,Not significant,Positive,Not significant,0.0,0.0884622424226317,-,+,8.611435590535145e-05,9.778777107775892e-06,0.8282881017501976,0.6625129103424221,1.11,1.01; 1.21,0.028,0.081
l_387,PC 16:0_16:0,Not significant,Not significant,Not significant,0.08018901509660833,0.0,-,-,0.3958359495971918,0.2916094504484635,0.581470274831595,0.3363943454503389,1.06,0.95; 1.19,0.27,0.411
l_388,PC 18:0_22:5,Not significant,Positive,Not significant,0.0037503555908414135,0.059636302323357676,+,+,0.0007442422853494,0.0001515951283855,0.181452122955245,0.0486791358957293,1.05,0.98; 1.12,0.191,0.335
l_391,PC 18:0_20:4,Not significant,Positive,Not significant,0.0,0.26249423097198615,-,+,2.2021268789805238e-05,1.844222652375456e-06,0.1639046538423901,0.0426919857772584,0.98,0.95; 1.01,0.206,0.353
l_393,PC 16:0_18:1,Not significant,Not significant,Not significant,0.11756483295515228,0.018001091626911516,-,-,0.8777446573636273,0.825496781205758,0.3677406705444845,0.1532035298861692,0.97,0.85; 1.1.,0.633,0.741
l_396,PC 36:4,Not significant,Not significant,Not significant,0.009249785021428442,0.015781579476608906,-,+,0.5845095242496053,0.4799698506435723,0.6715893918040629,0.4342213881713991,0.93,0.82; 1.06,0.261,0.411
l_402,Plasmanyl-PE O-38:5,Not in human SRR analysis,Not significant,Not significant,0.041399498692558656,0.0,-,-,0.1868888080681471,0.1158906615424738,0.235319709424254,0.0746543010025844,,,,
l_404,PE 18:0_20:4,Increased,Not significant,Positive,0.5585890370676199,0.0018348452456043692,+,+,0.1628037228703854,0.0979826522314314,0.0237344071574644,0.0019203139928679,1.17,1.07; 1.28,0.001,0.002
l_407,PC 18:2_18:0,Not significant,Positive,Not significant,0.0,2.8600303473981023e-06,-,+,0.0024356535758789,0.0007173855457698,0.414798027995122,0.1931210123242016,0.99,0.96; 1.02,0.433,0.571
l_408,PC 38:5,Not significant,Not significant,Not significant,0.0004430159102021282,0.0026126411245540413,+,-,0.4625173070628744,0.3539664350652426,0.3752890751972236,0.1622782274348445,0.95,0.90; 1.01,0.089,0.192
l_413,Plasmanyl-PC O-18:0_22:6,Not in human SRR analysis,Not significant,Not significant,0.4017873872084758,0.0,+,-,0.162379539205639,0.0974579107611353,0.0523773711861278,0.0069602876884947,,,,
l_414,Plasmenyl-PE P-18:0_22:6,Not in human SRR analysis,Positive,Not significant,5.416423980117455e-05,0.015023906361923602,+,+,2.6639634347488583e-05,2.401159376956033e-06,0.0599713597256345,0.0094915636755262,,,,
l_417,FA 25:0,Not in human SRR analysis,Not significant,Not significant,0.0038889650449263533,0.0,-,-,0.0550639057514174,0.026808970436815,0.856713989775755,0.7162591057174161,,,,
l_418,SM d36:0,Not significant,Positive,Not significant,0.06420189367849853,0.016360913403162942,-,+,0.0030990377532112,0.000967761966936,0.5850466307204595,0.3392356971601244,1.45,0.95; 2.19,0.082,0.183
l_419,PC 18:0_22:5,Not significant,Positive,Not significant,0.012339163654728988,0.00016189313012766012,-,+,0.0038986988344539,0.0012534496607577,0.8679811513530137,0.735535482409864,1.05,0.98; 1.12,0.191,0.335
l_421,Plasmanyl-PC O-38:5,Not in human SRR analysis,Positive,Not significant,0.13332283008356882,7.922752982400333e-05,+,+,0.0037783877790622,0.0012067242729439,0.1816966405675881,0.0488736882719062,,,,
l_422,PE 18:2_18:0,Increased,Positive,Not significant,0.0,0.0,-,-,0.0063920045747928,0.0022546673340468,0.5466126368042235,0.3084221059597392,1.18,1.07; 1.30,0.001,0.006
l_424,PC 18:0_20:3,Increased,Positive,Not significant,0.008955739854443244,0.1339439156162112,-,+,0.0006664072935735,0.0001295923338815,0.6990486777497387,0.4698361233704773,1.19,1.09; 1.29,0.001,0.001
l_427,PC 40:6,Not significant,Positive,Not significant,0.02718340140486073,0.011731469645797939,+,+,0.0010299469583145,0.0002404915183005,0.3169165140888613,0.1214584227168098,1.05,0.97; 1.13,0.266,0.411
l_431,Plasmanyl-PC O-32:1,Not in human SRR analysis,Not significant,Not significant,0.28567396304345927,0.29093750910878774,-,-,0.2147370293997226,0.1366658514205216,0.3697252856490871,0.1572571663773031,,,,
l_432,Plasmanyl-PE O-18:0_22:6,Not in human SRR analysis,Not significant,Not significant,0.0022896615571435072,0.0,-,-,0.0878550493793607,0.0465775173075816,0.8985628151558952,0.8158432674087795,,,,
l_433,PC 19:0_20:4,Not in human SRR analysis,Positive,Not significant,0.0,0.022408928221020506,-,+,0.0021643147302337,0.0006142383931503,0.5377947421865973,0.2969180762595976,,,,
l_434,PC 16:0_17:0,Not in human SRR analysis,Positive,Not significant,0.001098152931450132,0.0,-,-,0.0143973985107238,0.0058550101821467,0.8489078117497201,0.7019003553501943,,,,
l_435,SM d37:1,Not in human SRR analysis,Positive,Not significant,5.6011859589079085e-05,0.7634096579851671,+,+,1.218430235441416e-06,2.24834535993448e-08,0.4440475446709697,0.2199752918242277,,,,
l_436,PC 17:0_18:1,Not in human SRR analysis,Not significant,Not significant,0.002404361309831497,0.0,-,-,0.3466633684092084,0.2472652130952835,0.4493199703767319,0.2238728490450795,,,,
l_437,Plasmanyl-PC O-18:0_20:4,Not in human SRR analysis,Positive,Not significant,0.23360403466915738,0.021977273719780397,+,+,0.0058742230427493,0.002059521776521,0.0549571514096512,0.0076838600622436,,,,
l_438,Plasmanyl-PC O-16:0_16:0,Not in human SRR analysis,Not significant,Not significant,0.10393035021066184,0.015691161136445673,-,-,0.0593505395978703,0.0292751064730446,0.4896956204642452,0.2603137116591338,,,,
l_440,Plasmenyl-PE P-18:0_20:4,Not in human SRR analysis,Not significant,Not significant,0.07089997783467739,0.00037763501635848767,+,+,0.1302497930269988,0.0745015495877099,0.1206129128214569,0.0269645617734272,,,,
l_442,Plasmenyl-PC P-34:0,Not in human SRR analysis,Not significant,Not significant,0.005894371628443705,0.0,-,-,0.8504211890098987,0.7913501035651714,0.8220694672484441,0.6448005891512584,,,,
l_443,Plasmanyl-PC O-34:1,Not in human SRR analysis,Not significant,Not significant,0.0,0.0,-,-,0.9119505022176602,0.872469323626264,0.8244846223787938,0.6521184954882727,,,,
l_444,Plasmanyl-PC O-36:3,Not in human SRR analysis,Positive,Not significant,0.0003162927419536616,0.06577692050615795,-,+,0.0002578339918574,3.970899661679645e-05,0.8321072748353509,0.6697016676105663,,,,
l_445,PC 18:0_22:4,Not significant,Positive,Not significant,6.0472388584365484e-05,0.33702711554145803,+,+,0.0002819370995821,4.4421601211661056e-05,0.8751042301827407,0.7504431496075097,0.93,0.79; 1.08,0.331,0.473
l_448,PC 18:2_19:0,Not in human SRR analysis,Positive,Not significant,0.0,0.0,-,-,0.001107932703423,0.0002689233389429,0.9873614483727248,0.9801605990209242,,,,
l_449,Plasmenyl-PE P-34:1,Not in human SRR analysis,Not significant,Not significant,0.002967389283651877,0.0,-,-,0.0618848089419031,0.0307447595878865,0.9371842049949676,0.8932848738880351,,,,
l_450,Plasmanyl-PC O-38:3,Not in human SRR analysis,Positive,Not significant,0.0,0.0,-,-,0.0409017110826511,0.0189558675209163,0.6964286546976604,0.4646152841843866,,,,
l_451,Plasmanyl-PE O-18:0_20:4,Not in human SRR analysis,Not significant,Not significant,0.0,0.0,-,-,0.1412815921905541,0.0833250554367285,0.8188159261056469,0.639245932374884,,,,
l_453,Plasmanyl-PC O-18:0_18:2,Not in human SRR analysis,Positive,Not significant,0.0,0.0,-,-,0.0030367749403267,0.0009440081077807,0.7068054303779195,0.4808269911422338,,,,
l_454,Plasmenyl-PE P-18:0_18:2,Not in human SRR analysis,Positive,Not significant,0.0,0.0,-,-,0.0021434586874154,0.0006054624255439,0.6765384711452375,0.4411604748632198,,,,
l_455,Plasmanyl-PC O-40:5,Not in human SRR analysis,Positive,Not significant,0.0,0.0004543535417230486,-,+,0.0476622319914564,0.0224949498043424,0.4071820457167804,0.1878412560084508,,,,
l_456,FA 26:0,Not in human SRR analysis,Positive,Not significant,4.326549938345424e-05,5.708436382265196e-06,+,+,0.006772958817001,0.0024082699555127,0.922631283020238,0.8614803172441836,,,,
l_457,PE O-40:5,Not in human SRR analysis,Not significant,Not significant,0.0,0.0,-,-,0.1338670847732933,0.0772419729742281,0.7923472680896173,0.5999254032605239,,,,
l_459,SM d40:2,Not significant,Not significant,Not significant,0.10622130258915417,0.15870830598351626,+,+,0.0578005855795025,0.0283464901599973,0.4088943005133004,0.1895017588610257,0.99,0.88; 1.12,0.881,0.926
l_463,PC 36:3,Not significant,Positive,Positive,0.0010931575855834949,0.06581232411706847,+,+,5.902074442426433e-05,6.11570524197487e-06,0.0321256995603681,0.0032832510551405,1.0,0.92; 1.08,0.943,0.978
l_465,PC 16:0_18:0,Not significant,Positive,Not significant,0.0,0.0,-,-,0.0001262830405107,1.6732888156732856e-05,0.7829622794528446,0.5868049447141263,1.03,0.98; 1.09,0.218,0.365
l_469,SM d38:1,Not significant,Positive,Not significant,0.0,0.31634320047136233,-,+,0.0008654254252386,0.0001934769403478,0.6231407646999636,0.3790146453852866,1.13,1.01; 1.26,0.034,0.095
l_473,SM d42:3,Not significant,Not significant,Not significant,0.0,0.0,-,-,0.640582102572472,0.5364704620550156,0.9851910186569718,0.9754020376341204,0.99,0.86; 1.13,0.871,0.921
l_474,PC 18:1_18:0,Not significant,Positive,Not significant,0.03184276035710068,0.0,-,-,0.0049455850870594,0.0016777783332962,0.2480679956460458,0.0822198395789236,1.05,1.00; 1.11,0.044,0.116
l_485,Plasmanyl-PE O-18:0_18:2,Not in human SRR analysis,Not significant,Not significant,0.01947191083216482,0.0,-,-,0.1862291500892323,0.1152532426386165,0.4526121062062311,0.2267878970770753,,,,
l_486,PC 18:0_20:2,Not significant,Positive,Not significant,0.0,0.0,-,-,0.020149318365887,0.0086231646377785,0.8376760170261747,0.6756845135879495,1.02,0.97; 1.08,0.394,0.538
l_489,SM d40:2,Not significant,Not significant,Not significant,0.004673791112025307,0.0,+,-,0.2429617043987722,0.1600201999162956,0.2446118321184724,0.0793382592463746,0.99,0.88; 1.12,0.881,0.926
l_491,Plasmanyl-PE O-20:0_20:5,Not in human SRR analysis,Not significant,Not significant,0.0,0.0,-,-,0.7843854414682184,0.7034506373062481,0.6039269516505517,0.3608988596804574,,,,
l_492,PC 40:3,Decreased,Positive,Not significant,0.0,0.0,-,-,0.0020884515270712,0.0005854778943883,0.8923425413410025,0.7973451096865309,0.88,0.83; 0.93,0.001,0.001
l_494,PE 18:1_18:0,Increased,Positive,Not significant,0.0,0.0,-,-,0.0129406732238562,0.0051156529351937,0.5581277388388198,0.3188735484494322,1.41,1.15; 1.74,0.001,0.005
l_495,Plasmanyl-PC O-20:0_22:6,Not in human SRR analysis,Positive,Not significant,0.019576744330698965,2.9574562948071044e-05,+,+,0.0044497985063242,0.0014748445013863,0.0570584675038515,0.0083826137496786,,,,
l_496,Plasmenyl-PE P-20:0_22:6,Not in human SRR analysis,Positive,Not significant,0.0012002896207876919,0.22234577026962957,+,+,0.0006214832980379,0.0001190919023919,0.2673103367823423,0.0916329969239683,,,,
l_499,Plasmanyl-PE O-20:0_22:6,Not in human SRR analysis,Not significant,Not significant,0.0005578191356705757,0.0,-,-,0.2282040720585012,0.147871055918674,0.9384769151806444,0.8951830901368247,,,,
l_500,SM d41:2,Not significant,Not significant,Not significant,0.21349668260913832,0.11202188613555668,+,+,0.1363400065686895,0.0793462068036376,0.3836365715486776,0.1679577489347897,0.98,0.92; 1.05,0.538,0.662
l_501,PC 35:0,Not in human SRR analysis,Not significant,Not significant,0.0,0.0,-,-,0.0793528567800456,0.0409999146457581,0.7607363203238321,0.5534100272050588,,,,
l_503,SM d39:1,Increased,Positive,Not significant,0.008343660742975073,0.14036746286762172,+,+,0.0149196033928002,0.0061137642249937,0.7144865780057286,0.4878183733438685,1.11,1.03; 1.19,0.005,0.018
l_505,Plasmanyl-PC O-20:0_20:4,Not in human SRR analysis,Positive,Positive,0.5017848051168293,0.8361943723855786,+,+,2.6687697111110526e-05,2.424432384827642e-06,0.001358751526111,1.832241234642324e-05,,,,
l_506,Plasmenyl-PE P-20:0_20:4,Not in human SRR analysis,Positive,Not significant,0.05692899475937162,0.001203714975572835,+,+,0.0022129271623084,0.0006358998667748,0.0967437889890456,0.0190878448111814,,,,
l_507,SM d41:2,Not significant,Not significant,Not significant,0.4956725916582021,0.0,+,-,0.6698646547936289,0.5686030186516469,0.0549571514096512,0.007674515924601,0.98,0.92; 1.05,0.538,0.662
l_508,Plasmanyl-PC O-36:1,Not in human SRR analysis,Not significant,Not significant,0.021380927621387397,0.0,-,-,0.6459575125240792,0.5432644800149282,0.3531758990334901,0.1433758795224672,,,,
l_509,Plasmenyl-PE P-18:0_18:1,Not in human SRR analysis,Positive,Not significant,0.0,0.0,-,-,0.0025967984502725,0.0007759064212666,0.922631283020238,0.8617336894638985,,,,
l_510,Plasmanyl-PE O-20:0_20:4,Not in human SRR analysis,Not significant,Not significant,0.0,0.0,-,-,0.382995965399157,0.2791602955748291,0.8910046814890126,0.7946653202152942,,,,
l_512,Plasmanyl-PC O-38:2,Not in human SRR analysis,Not significant,Not significant,0.0,0.0,-,-,0.090483750978999,0.0485467542057737,0.8826876860717432,0.7761888169218523,,,,
l_514,PE O-38:2,Not in human SRR analysis,Not significant,Not significant,0.0,0.0,-,-,0.2229646848216245,0.1435265927134233,0.7496393991912585,0.5373568439908951,,,,
l_515,Plasmanyl-PE O-18:0_18:1,Not in human SRR analysis,Not significant,Not significant,0.06751369868590686,0.0,-,-,0.2271822477352898,0.1467252274230757,0.2904086879658389,0.1057510562041164,,,,
l_520,SM d42:2,Not significant,Not significant,Not significant,0.0016909492310798345,0.0,+,-,0.3745808876279228,0.2716974216861157,0.7511563370120307,0.5389773291122519,0.99,0.89; 1.11,0.896,0.935
l_525,SM d40:1,Not significant,Not significant,Not significant,0.00017035604945939188,0.0,+,-,0.0962719021098965,0.0521330456421937,0.6369234410377943,0.3996883194386009,1.16,1.00; 1.34,0.047,0.119
l_530,Plasmanyl-PE O-20:0_18:2,Not in human SRR analysis,Not significant,Not significant,0.057760116844184126,0.0,-,-,0.9346194463348528,0.904769996309964,0.4067342010798916,0.1873459875804469,,,,
l_534,SM d43:2,Not in human SRR analysis,Not significant,Not significant,0.042665507139926284,6.87498827973982e-05,-,-,0.4968116355785474,0.3850801552170257,0.718958653945932,0.4959743162778182,,,,
l_536,SM d41:1,Increased,Not significant,Not significant,0.0012182599803404195,3.3622199282684413e-07,+,+,0.082918733868275,0.0434308201524392,0.3697252856490871,0.157441569474416,1.23,1.14; 1.33,0.001,0.001
l_547,SM d42:1,Not significant,Not significant,Not significant,0.0,0.0,-,-,0.7662832289967697,0.6781796923768431,0.8941962583316204,0.8015400101297634,0.97,0.79; 1.19,0.792,0.87
l_555,Cer[NS] d18:1_24:1,Increased,Not significant,Not significant,0.043203217941948695,0.0005540320398663734,-,-,0.0662300539953948,0.0330557142153838,0.1592890390041823,0.0404172033425732,1.15,1.05; 1.26,0.003,0.013
l_562,Cer[NS] d18:1_22:0,Not significant,Positive,Not significant,0.016586373793545484,0.0,-,-,0.0423858404545893,0.0197640150309901,0.2821675531080592,0.0997299087635298,1.22,1.00; 1.47,0.047,0.119
l_569,TG 20:5_22:6_22:6,Not in human SRR analysis,Positive,Not significant,0.0,0.1913266115102426,-,+,1.6327263668131567e-06,4.1716216611265896e-08,0.0575905398778003,0.0087468953398504,,,,
l_570,SM d43:1,Not in human SRR analysis,Not significant,Not significant,0.022282841170594984,0.0,-,-,0.9073860608839952,0.8668145052873368,0.5223743385075463,0.2850999760910597,,,,
l_576,Cer[NS] d41:1,Not in human SRR analysis,Positive,Not significant,0.0026243056462521325,0.0,-,-,0.0140385633269295,0.0056692281994485,0.6972291967965641,0.466139037176979,,,,
l_582,TG 22:6_22:6_22:6,Not in human SRR analysis,Positive,Positive,0.007670434312452248,0.4517600026473906,+,+,2.351978042286548e-07,1.168477380837887e-09,0.0001854933773081,1.1848405931677632e-06,,,,
l_590,TG 18:2_20:5_20:5,Not in human SRR analysis,Positive,Not significant,0.0,0.0037512792989697137,-,+,9.745213142577422e-05,1.1619558608608992e-05,0.0591126306141948,0.0090619788592378,,,,
l_598,Cer[NS] d18:1_24:0,Increased,Positive,Not significant,0.0036649621154607992,7.681895398322531e-05,-,+,0.0202937326397296,0.008699371550317,0.4910886736251997,0.2617513086533179,1.11,1.04; 1.20,0.003,0.014
l_603,TG 60:13,Not in human SRR analysis,Positive,Not significant,0.0,0.18677255395712358,-,+,1.971122840192914e-06,5.735701664152554e-08,0.3695132280009823,0.1544347506228065,,,,
l_611,TG 18:2_22:6_22:6,Not in human SRR analysis,Positive,Positive,0.0,0.4635893187048314,-,+,2.625662193742984e-07,1.677144055620075e-09,0.0047845272710094,0.0001765758822515,,,,
l_613,TG 18:2_20:5_20:4,Not significant,Positive,Positive,0.02677140786748116,0.10417876706462696,+,+,1.908313022495141e-05,1.449180222902627e-06,0.0370154597310041,0.0040194218160707,1.3,0.82; 2.07,0.265,0.411
l_617,TG 18:1_20:5_20:5,Not significant,Positive,Negative,0.008799594726058037,0.052108403224415456,-,+,0.0006925701647368,0.0001381208064521,0.0231536793874363,0.0018404628043952,1.3,0.82; 2.07,0.265,0.411
l_623,TG 62:13,Not in human SRR analysis,Positive,Positive,0.0022979967266676792,0.38135841480781485,+,+,2.905424656958555e-07,2.062047307990458e-09,0.0064623504404847,0.0002888208438702,,,,
l_626,TG 10:0_18:2_18:1,Not in human SRR analysis,Positive,Not significant,0.008396263763901665,0.0,-,-,0.0113398563660539,0.0043625341499345,0.3172817045390192,0.1220487465295588,,,,
l_628,TG 56:9,Not significant,Positive,Positive,0.03899342651655272,0.14484858921214244,+,+,3.1055344201517143e-06,1.146116322554217e-07,0.027680908909445,0.0024950145007093,0.89,0.72; 1.11,0.312,0.458
l_631,TG 12:0_18:2_18:2,Increased,Positive,Not significant,0.0,0.0,-,-,0.0042493922631508,0.0013911335023207,0.8950996539050124,0.8074319802081411,1.24,1.13; 1.36,0.001,0.001
l_632,TG 18:1_20:5_22:6,Not significant,Positive,Not significant,0.0,0.0872151165295918,-,+,5.640247218688799e-06,2.842140188267599e-07,0.6773846404046638,0.4426319682385059,0.89,0.65; 1.21,0.451,0.588
l_635,TG 58:11,Not significant,Positive,Not significant,0.0,9.404432682824316e-05,-,+,5.563195691593058e-06,2.763830364879447e-07,0.1536235084371584,0.0384876497362079,1.3,0.82; 2.07,0.265,0.411
l_638,TG 14:0_18:2_22:6,Not significant,Positive,Not significant,0.0,0.0,-,-,0.0001163141988293,1.4941710424499723e-05,0.2695423098683907,0.0932980885248809,1.17,0.89; 1.55,0.267,0.411
l_639,TG 14:0_18:3_18:2,Increased,Positive,Not significant,5.804310697293181e-05,0.0,-,-,0.0048889038753854,0.0016446702888095,0.9010777207912112,0.8234188967056537,1.26,1.13; 1.39,0.001,0.001
l_641,TG 16:1_18:3_18:2,Not significant,Positive,Not significant,0.0,0.0,-,-,0.0015977391809427,0.0004161605957459,0.6853793037031822,0.4528659558180714,1.21,1.03; 1.42,0.022,0.067
l_642,TG 56:9,Not significant,Positive,Not significant,1.201893896830979e-05,0.0,+,-,1.944719379959678e-05,1.53203584936497e-06,0.0979292727494329,0.0195494311239337,0.89,0.72; 1.11,0.312,0.458
l_644,TG 18:2_18:2_22:6,Not significant,Positive,Positive,0.006333729272250756,0.04925104205167568,+,+,3.09813117279386e-06,1.1213959532468905e-07,0.0104287180015372,0.0006365292747567,1.01,0.67; 1.52,0.974,0.988
l_646,TG 54:7,Increased,Positive,Positive,0.004301294086677689,0.0,+,-,0.0001871630105858,2.709812218560016e-05,0.0406895395112717,0.0045916513713926,1.3,1.08; 1.56,0.005,0.018
l_648,TG 18:1_22:6_22:6,Not in human SRR analysis,Positive,Positive,0.002148052073090782,0.6401901163934041,+,+,6.496804021214328e-07,5.695302964086386e-09,0.0468630946480356,0.0057872097010349,,,,
l_652,TG 16:0_22:6_22:6,Not significant,Positive,Positive,0.0,0.002473093974842324,-,+,2.5359722791255848e-06,8.459240391689318e-08,0.0043230457502801,0.0001564764607979,0.89,0.65; 1.21,0.451,0.588
l_653,TG 52:6,Not significant,Positive,Not significant,0.0,0.030287227377171124,-,+,0.0001013191719083,1.236827364672928e-05,0.6015687355663581,0.3582087786658442,1.21,1.03; 1.42,0.022,0.067
l_656,TG 55:8,Not in human SRR analysis,Positive,Not significant,0.0,0.0001701050110097891,-,+,1.5706885708631117e-05,1.102756250417322e-06,0.1196554781892181,0.026665592726341,,,,
l_658,TG 18:2_18:2_22:5,Not significant,Positive,Positive,0.0103637252589644,3.527023057055414e-06,+,+,5.661714763867753e-05,5.7862805251735735e-06,0.0256083651196071,0.0021415961075499,1.02,0.88; 1.18,0.779,0.865
l_659,TG 51:5,Not in human SRR analysis,Positive,Not significant,0.00016009731671814772,0.0,+,-,0.0003445685371551,5.779139872038423e-05,0.4194947523407168,0.1979872322970736,,,,
l_663,TG 16:0_22:6_22:5,Not in human SRR analysis,Positive,Positive,0.0033752833447830847,0.1379758754964409,+,+,1.7276886385268914e-06,4.63778551208962e-08,0.0067355374835902,0.0003059435052872,,,,
l_665,TG 58:10,Not significant,Positive,Positive,0.0,0.14238324613115313,-,+,3.493031418956973e-06,1.432383768859321e-07,0.0489342465307611,0.00630634609313,1.01,0.67; 1.52,0.974,0.988
l_668,TG 56:8,Not significant,Positive,Not significant,0.0,0.00021123044698968742,-,+,2.0695005831406255e-05,1.7048518509187595e-06,0.0718349839096037,0.0128986876714902,1.1,0.88; 1.39,0.407,0.55
l_670,TG 54:7,Increased,Positive,Not significant,0.0,0.0,-,-,4.589937849044212e-05,4.462892017878332e-06,0.7304579091758298,0.5142755471273408,1.3,1.08; 1.56,0.005,0.018
l_674,TG 46:2,Increased,Positive,Not significant,0.057960010604827764,0.0,-,-,0.0071788085811943,0.0025678633959701,0.0754209881819462,0.0137567025995459,1.29,1.22; 1.37,0.001,0.001
l_675,TG 48:3,Increased,Positive,Not significant,0.004655632480696311,0.0,-,-,0.0048965370750068,0.0016507133503394,0.4889480262766152,0.2590035132420638,1.26,1.09; 1.47,0.002,0.01
l_678,TG 50:4,Not significant,Positive,Not significant,0.0,0.0,-,-,0.0016134238545214,0.0004236812109105,0.8076656931466409,0.6189452157003098,1.15,0.99; 1.34,0.061,0.148
l_680,TG 18:0_20:5_22:6,Not in human SRR analysis,Positive,Positive,0.0,0.1972314470971936,-,+,1.7847755226067714e-06,5.066786437492608e-08,0.0478738103383146,0.0061158877650082,,,,
l_681,TG 54:6,Not significant,Positive,Positive,0.00305569986103675,0.0,+,-,0.0013157202906437,0.0003380345956089,0.0417273594010873,0.0048568395612337,1.16,0.98; 1.37,0.094,0.199
l_683,TG 58:9,Not significant,Positive,Positive,0.0,0.0,-,-,1.1322378068109055e-05,7.071463946015592e-07,0.0276690052101865,0.0024743042274545,1.02,0.88; 1.18,0.779,0.865
l_686,TG 16:0_18:2_22:6,Not significant,Positive,Not significant,0.0,0.0,-,-,1.5706885708631117e-05,1.1036065898896245e-06,0.0614118550400127,0.0102861588285613,1.1,0.88; 1.39,0.407,0.55
l_690,TG 52:5,Not significant,Positive,Not significant,0.0,0.0,-,-,0.0004337371569807,7.788183159412545e-05,0.5573434872894601,0.3176343650059876,1.09,0.88; 1.35,0.445,0.582
l_694,CE 20:5,Not in human SRR analysis,Positive,Not significant,0.0018923618051057709,0.10225240328965177,-,+,0.0283572391839751,0.0125987450171528,0.7485875793844703,0.5353998681978718,,,,
l_697,TG 15:0_16:1_18:2,Not in human SRR analysis,Positive,Not significant,0.0,0.0,-,-,0.0042493922631508,0.0013933422466825,0.9928291173560676,0.9871920464271476,,,,
l_699,TG 15:0_18:2_18:2,Not in human SRR analysis,Positive,Not significant,0.0,0.0,-,-,0.0007612052686844,0.0001566710631075,0.3774814354939477,0.1639592892280312,,,,
l_700,TG 53:5,Not in human SRR analysis,Positive,Not significant,0.0,0.0,-,-,0.0012637600643318,0.000318406545662,0.3587040109054084,0.1477288130641413,,,,
l_702,TG 18:0_20:5_20:4,Not significant,Positive,Positive,0.035788570763693114,0.0,+,-,1.2457245440860091e-05,7.868664614879689e-07,0.0077601035097581,0.0003828750638896,1.02,0.88; 1.18,0.779,0.865
l_703,TG 18:2_18:1_22:5,Not significant,Positive,Positive,0.0017109407858897261,0.00016249567632275238,+,+,1.3602769504904923e-05,8.978407125309851e-07,0.0215744057419749,0.0016843042098064,1.07,0.90; 1.27,0.434,0.571
l_705,TG 56:7,Not significant,Positive,Positive,0.02036318175477741,2.75910505153817e-05,+,+,3.112317105145278e-05,2.8715487840233225e-06,0.0410279813346842,0.0047171987056201,1.21,0.94; 1.55,0.141,0.269
l_706,TG 17:0_18:2_22:6,Not in human SRR analysis,Positive,Not significant,0.0,0.02431869883272762,-,+,1.2539699635379997e-05,8.009744266743787e-07,0.2215781260004092,0.0686487679212442,,,,
l_711,TG 54:6,Not significant,Positive,Not significant,0.0,0.0,-,-,0.0002437936691039,3.702756933161055e-05,0.7679486313162489,0.5635620190070982,1.16,0.98; 1.37,0.094,0.199
l_714,TG 16:0_16:0_20:5,Not significant,Positive,Not significant,0.0,0.003776732830116968,-,+,0.000179678843665,2.575949355596123e-05,0.8814241545342621,0.7717630878747848,1.09,0.88; 1.35,0.445,0.582
l_716,TG 60:10,Not in human SRR analysis,Positive,Positive,0.054031053599955976,0.14818252574340657,+,+,8.420602022428073e-07,1.1354963692415429e-08,0.001358751526111,1.806040554714655e-05,,,,
l_719,TG 46:1,Increased,Positive,Not significant,0.1198959843947945,0.0,-,-,0.0109380191572282,0.0041764757321425,0.2358049042043535,0.0753102958778985,1.33,1.23; 1.44,0.001,0.001
l_721,TG 50:3,Increased,Positive,Not significant,3.420184882486964e-05,0.0,-,-,0.0071926322005779,0.0025830176674892,0.9371842049949676,0.8918063842076984,1.37,1.14; 1.66,0.001,0.005
l_724,TG 48:2,Increased,Positive,Not significant,0.01062916374865468,0.0,-,-,0.004739628236378,0.0015818138293369,0.4702186892238224,0.2456216857833451,1.31,1.21; 1.43,0.001,0.001
l_727,TG 54:5,Not significant,Positive,Not significant,0.0,0.0,-,-,0.0008293565758669,0.0001848246734011,0.1566143322321799,0.0393481005040395,1.18,0.96; 1.45,0.11,0.224
l_731,TG 52:4,Not significant,Positive,Not significant,0.0,0.0,-,-,0.0003809963374399,6.624847599203499e-05,0.3008021160866764,0.1122937637058848,1.06,0.90; 1.23,0.484,0.614
l_738,TG 16:0_18:1_22:6,Not significant,Positive,Not significant,0.0,0.0,-,-,0.0001163141988293,1.4876753914499922e-05,0.2716441219664364,0.0950465238676033,1.21,0.94; 1.55,0.141,0.269
l_740,TG 58:7,Not significant,Positive,Not significant,0.0,0.00920619528734967,-,+,9.546748234144656e-06,5.691460977062818e-07,0.0792976709039914,0.0145763639206059,1.18,1.02; 1.37,0.026,0.078
l_741,TG 58:8,Not significant,Positive,Not significant,0.0,0.0013314164173622764,-,+,1.5899891897626444e-05,1.1284522283624162e-06,0.1592890390041823,0.0404950355422745,1.07,0.90; 1.27,0.434,0.571
l_747,CE 20:4,Not in human SRR analysis,Positive,Not significant,0.09982330230383477,0.1892073870189043,+,+,8.493103827955583e-05,9.584127101809351e-06,0.3096482222957668,0.1171344943106059,,,,
l_753,TG 51:3,Increased,Positive,Not significant,0.0,0.0,-,-,0.001620526721774,0.0004278466575585,0.7436775903139997,0.5304442713027464,1.31,1.22; 1.42,0.001,0.001
l_754,TG 49:2,Increased,Positive,Not significant,0.0,0.0,-,-,0.0012637600643318,0.0003180967074824,0.770529612929472,0.5692841214049541,1.38,1.30; 1.47,0.001,0.001
l_756,TG 58:7,Not significant,Positive,Not significant,0.0,0.015458594863485478,-,+,2.029920131858503e-05,1.6279700134848178e-06,0.0896210841992755,0.0173008764387529,1.18,1.02; 1.37,0.026,0.078
l_758,TG 56:6,Increased,Positive,Not significant,0.0,0.0,-,-,0.0001187906720852,1.5344146429749227e-05,0.1156756526963602,0.025286090156479,1.25,1.07; 1.47,0.005,0.018
l_759,TG 53:4,Not in human SRR analysis,Positive,Not significant,7.893208220569986e-06,0.0,+,-,0.0013018742576286,0.0003331782189745,0.2057571134307247,0.0601646066241721,,,,
l_760,TG 54:5,Not significant,Positive,Not significant,1.7269043367929575e-06,0.0003599554697513013,+,+,6.526273316716843e-05,7.040408404123209e-06,0.2682585574366746,0.0923388221126949,1.18,0.96; 1.45,0.11,0.224
l_765,TG 52:4,Not significant,Positive,Not significant,0.001818034152703296,0.0,+,-,0.0005802863464674,0.0001095501548334,0.1856962954262145,0.0508720866107301,1.06,0.90; 1.23,0.484,0.614
l_771,TG 50:2,Increased,Positive,Not significant,0.0009029675197080847,0.0,-,-,0.0105162319027434,0.0039855697913874,0.9042140934811068,0.830701272210227,1.52,1.36; 1.70,0.001,0.001
l_774,TG 48:1,Increased,Positive,Not significant,0.0025968335675477256,0.0,-,-,0.0089087700884202,0.003287835660737,0.6457003040217544,0.4110668365560779,1.46,1.32; 1.61,0.001,0.001
l_777,TG 46:0,Not in human SRR analysis,Positive,Not significant,0.0,0.017410077917205367,-,+,0.0019205568800016,0.0005220534315405,0.8901380880394901,0.7915848291791917,,,,
l_780,TG 54:4,Not significant,Positive,Not significant,0.0,0.0,-,-,0.0035643649429739,0.0011307814971677,0.2209951758375114,0.0676844147206029,1.16,0.95; 1.41,0.154,0.287
l_782,TG 52:3,Increased,Positive,Not significant,0.0,0.0,-,-,0.0012692143685615,0.00032068155799,0.7532091320357758,0.5436576914693996,1.24,1.08; 1.43,0.002,0.009
l_785,TG 50:2,Increased,Positive,Not significant,0.0,0.0,-,-,0.0029954405339979,0.000926907077944,0.879194935533208,0.7586732609749817,1.52,1.36; 1.70,0.001,0.001
l_790,CE 18:2,Not in human SRR analysis,Not significant,Not significant,0.0,0.0,-,-,0.2454320181116919,0.1619955832816703,0.9123440027751604,0.8424127378356874,,,,
l_791,TG 54:4,Not significant,Positive,Not significant,0.0013288564957112915,0.0001325889658259246,+,+,0.013085170192599,0.0051820617228319,0.0551502062594662,0.0078667735632457,1.16,0.95; 1.41,0.154,0.287
l_794,TG 58:7,Not significant,Positive,Not significant,4.736366570609651e-05,0.527324518714595,+,+,2.055324528916205e-05,1.677518245744241e-06,0.0574952575280551,0.008672699997572,1.18,1.02; 1.37,0.026,0.078
l_797,TG 56:6,Increased,Positive,Not significant,0.15018807338314383,0.031269352886711184,+,+,2.2673203215669188e-05,1.931003822484246e-06,0.0617750549569538,0.0103908360715387,1.25,1.07; 1.47,0.005,0.018
l_802,TG 49:1,Not in human SRR analysis,Positive,Not significant,0.0,0.0,-,-,0.0015633388335438,0.0004060908538517,0.8405544004940013,0.6898095811134914,,,,
l_803,TG 18:2_18:2_19:0,Not in human SRR analysis,Positive,Not significant,0.0006637464573152592,0.00014550226985610701,+,+,0.0022816585976699,0.0006623125382874,0.4088943005133004,0.1893401696169108,,,,
l_804,TG 51:2,Increased,Positive,Not significant,0.0,0.0,-,-,0.0064343901679389,0.0022741847435298,0.7068054303779195,0.4810691325283356,1.33,1.21; 1.46,0.001,0.001
l_805,TG 15:0_16:0_16:0,Not in human SRR analysis,Positive,Not significant,0.0006894713707030839,0.0002575197742183837,+,+,0.0007720845162717,0.0001643898899088,0.7067983368227458,0.4790577797485609,,,,
l_806,TG 18:1_18:0_22:5,Not in human SRR analysis,Positive,Not significant,0.0035935627087168346,0.00012149027937579113,+,+,0.0024445605509131,0.0007217439241872,0.0599713597256345,0.0094685987077492,,,,
l_808,TG 53:3,Not significant,Positive,Not significant,0.0,0.0,-,-,0.0009162796878806,0.000208747891987,0.6369234410377943,0.4003648396414603,1.24,0.99; 1.53,0.056,0.138
l_815,TG 56:5,Not significant,Positive,Positive,0.0007567506627662283,0.009675124721344318,+,+,1.3693272577912645e-05,9.135327340835974e-07,0.0410279813346842,0.0046938849305439,1.24,1.02; 1.51,0.029,0.083
l_819,TG 16:0_18:0_20:4,Not significant,Positive,Not significant,0.011302968757651221,0.0,+,-,6.184994898222975e-05,6.55698257765152e-06,0.0956387325131644,0.0188019367680245,1.16,0.95; 1.41,0.154,0.287
l_826,TG 52:2,Increased,Positive,Not significant,0.0,0.0,-,-,0.0041994773834379,0.0013680341511696,0.8950996539050124,0.8062700334437104,1.57,1.37; 1.80,0.001,0.001
l_828,TG 56:4,Not significant,Positive,Not significant,0.0,0.0,-,-,0.000813096112534,0.0001789848367937,0.3460396579001527,0.1394964696148238,1.13,0.95; 1.36,0.174,0.315
l_831,TG 50:1,Increased,Positive,Not significant,0.0,0.0,-,-,0.0018748528932593,0.0005067360009426,0.9324373587860496,0.8761867019394818,1.55,1.38; 1.73,0.001,0.001
l_833,TG 54:3,Increased,Positive,Not significant,0.0,0.0,-,-,0.002175968811742,0.0006223672328829,0.4194947523407168,0.197960981367507,1.21,1.12; 1.31,0.001,0.001
l_835,TG 16:0_16:0_16:0,Increased,Positive,Not significant,0.0002751842871806966,0.03677545261074452,+,+,0.0007703385760775,0.0001617048772214,0.5659568386178779,0.325756562185308,1.55,1.37; 1.76,0.001,0.001
l_841,TG 18:0_18:0_22:6,Not in human SRR analysis,Positive,Not significant,0.000460796966852897,0.19205802049753387,+,+,2.0695005831406255e-05,1.7184639334808605e-06,0.0614118550400127,0.0102526030534326,,,,
l_844,CE 18:1,Not in human SRR analysis,Negative,Negative,0.6980574031159494,1.0,-,-,0.0164534878428929,0.0068196145495028,0.0337263947980641,0.0035189710710445,,,,
l_852,TG 53:2,Increased,Positive,Not significant,1.1991300544238108e-05,0.0,-,-,0.0028323396785836,0.00086839655156,0.8294523182727523,0.664032799866334,1.33,1.24; 1.44,0.001,0.001
l_854,TG 51:1,Increased,Positive,Not significant,8.543590901621364e-06,3.068342346808171e-05,-,+,0.0012229711400866,0.0003037898502699,0.8950996539050124,0.8063198792495002,1.54,1.36; 1.74,0.001,0.001
l_856,TG 18:2_18:1_19:0,Not in human SRR analysis,Positive,Not significant,0.0014549258480750734,0.00028066611097608265,-,+,0.0016200957852001,0.0004265830633848,0.8814241545342621,0.772174456164457,,,,
l_860,TG 18:0_18:0_20:4,Not significant,Positive,Not significant,0.0026137510881731343,0.0,+,-,0.0003872661970547,6.761354469514534e-05,0.4241147630301936,0.204682781306268,1.13,0.95; 1.36,0.174,0.315
l_862,TG 58:4,Not in human SRR analysis,Positive,Not significant,0.0,0.0,-,-,0.0011127565114361,0.0002708839484901,0.9579961553291252,0.9298577796648062,,,,
l_865,TG 54:2,Increased,Positive,Not significant,0.0,0.0,-,-,0.0007955157299051,0.0001727663685954,0.4965161295998068,0.2671108773858435,1.42,1.15; 1.74,0.001,0.005
l_866,TG 56:3,Increased,Positive,Not significant,0.0,0.0,-,-,0.0007556060613028,0.0001549823645965,0.4667229899218624,0.2396370249496664,1.22,1.08; 1.39,0.002,0.008
l_871,TG 52:1,Increased,Positive,Not significant,0.0,0.0,-,-,0.000799819632286,0.0001742687204484,0.8496528327693593,0.7039894535717133,1.78,1.35; 2.35,0.001,0.001
l_873,TG 16:0_16:0_18:0,Increased,Positive,Not significant,0.0,0.052254481014504195,-,+,0.000256762092449,3.936168344145043e-05,0.4908418566355987,0.2612713928152583,1.51,1.30; 1.75,0.001,0.001
l_876,TG 18:1_18:1_19:0,Not in human SRR analysis,Positive,Not significant,0.0,0.009089863757447343,-,+,0.0080471083630466,0.0029241444158125,0.697675609980452,0.4679229605617652,,,,
l_878,TG 53:1,Not in human SRR analysis,Positive,Not significant,0.0,0.002009624089645661,-,+,0.0007797332497194,0.0001671252245672,0.8459808737396448,0.6982794578844619,,,,
l_888,TG 18:2_18:1_24:1,Not in human SRR analysis,Positive,Not significant,0.0,0.0,-,-,0.000629024185042,0.000121429792996,0.7270695351542238,0.5093098872939807,,,,
l_890,TG 56:2,Not in human SRR analysis,Positive,Not significant,0.0,0.0,-,-,0.0007703385760775,0.000162364287799,0.9712656864809508,0.9509579773510044,,,,
l_892,TG 54:1,Not significant,Positive,Not significant,0.0,9.791503979672366e-05,-,+,0.0002962832133455,4.773334948860634e-05,0.7216315726291413,0.4998535832868094,1.28,1.03; 1.59,0.027,0.08
l_893,TG 18:2_18:1_22:0,Not in human SRR analysis,Positive,Not significant,0.0,0.0,-,-,0.0006998651037508,0.0001400723628514,0.8542150372421448,0.7111385654258594,,,,
l_895,TG 16:0_18:0_18:0,Not in human SRR analysis,Positive,Not significant,0.0,0.14911532979488057,-,+,0.0001375932779837,1.855409710213907e-05,0.3697252856490871,0.1564236954602504,,,,
l_900,TG 18:2_18:1_23:0,Not in human SRR analysis,Positive,Not significant,0.0004516534453340129,0.0,-,-,0.0013018742576286,0.0003327651605856,0.8937616607825591,0.800516122006806,,,,
l_905,TG 57:2,Not in human SRR analysis,Positive,Not significant,0.0001245611573643794,0.0,-,-,0.0126307930187236,0.0049752236518038,0.8839000659985613,0.7785095684203084,,,,
l_907,TG 56:1,Not in human SRR analysis,Positive,Not significant,3.3414099970903384e-05,0.0036855761417804982,-,+,0.0004535349701828,8.240237925253488e-05,0.731731832650953,0.5156917741819704,,,,
l_908,TG 18:2_18:1_24:0,Not in human SRR analysis,Positive,Not significant,0.0,0.0,-,-,0.0006218665112972,0.00011960668883,0.8950996539050124,0.8071260130819831,,,,
l_910,TG 58:2,Not in human SRR analysis,Positive,Not significant,0.0003697822051656516,0.00028781781526029384,-,+,0.0003687042346198,6.358774237943646e-05,0.9266417539662756,0.8681100888825294,,,,
l_912,TG 18:0_18:0_18:0,Not in human SRR analysis,Positive,Not significant,0.0,0.3020212487751154,-,+,0.0002034907106191,3.0039792625115216e-05,0.8950692372387915,0.803593034142705,,,,
m_2,Urocanic acid,Not in human SRR analysis,Not significant,Not significant,0.0,0.0004905745464481992,-,+,0.5594873809709394,0.4526725438657707,0.9222959443724974,0.8587450158590363,,,,
m_3,Uridine,Not significant,Not significant,Not significant,0.0,3.213196868281431e-05,-,+,0.5252976212836495,0.4126169049985803,0.2209501110165373,0.0674297712825486,0.97,0.75; 1.24,0.788,0.869
m_4,Uric acid,Not significant,Not significant,Not significant,0.297516700837549,0.26332149085665313,-,-,0.5583033882252479,0.4510871052373686,0.1124842290892953,0.0235506370343095,1.19,0.99; 1.43,0.062,0.148
m_5,Tyrosine,Increased,Not significant,Not significant,0.018246275610550148,0.4729574897783022,-,-,0.1813027295277287,0.1109176386464884,0.2458865245326136,0.0811477884369519,1.35,1.22; 1.49,0.001,0.001
m_6,Tryptophan,Not significant,Not significant,Not significant,0.007547115592201551,0.007389989613165331,-,-,0.534369804002486,0.424385955059462,0.3697252856490871,0.157058180136427,1.14,0.99; 1.30,0.065,0.153
m_7,Trigonelline,Not significant,Not significant,Negative,0.0025440440912770854,0.0,-,-,0.080623944524204,0.0418855410870953,0.0439099526261669,0.0052355372897062,0.98,0.83; 1.16,0.803,0.882
m_8,Indole-3-acrylic acid,Not in human SRR analysis,Not significant,Not significant,0.031229167080683014,0.0012321970435411448,-,-,0.490857427012007,0.379029723626021,0.3351338808596326,0.1341486932610594,,,,
m_9,Threonine,Not significant,Positive,Negative,0.035017609991689784,0.0004457359877925272,-,+,0.042310784256519,0.019698988269891,0.0439099526261669,0.0052344344514749,1.01,0.96; 1.05,0.796,0.872
m_11,Threonic acid,Not significant,Not significant,Not significant,0.0,0.0,-,-,0.2813811207714337,0.1907160896641015,0.581470274831595,0.336749286204813,0.86,0.65; 1.15,0.312,0.458
m_13,Taurine,Not significant,Not significant,Not significant,0.00010731745035686624,0.0007345495329345521,-,-,0.1302497930269988,0.0745076885590923,0.792989184409958,0.6020061618302048,0.96,0.83; 1.12,0.638,0.741
m_16,Stachydrine,Not in human SRR analysis,Negative,Not significant,0.0059245454851923176,0.004241331054621858,-,-,0.0280199067007115,0.0124090999157161,0.132695499134768,0.0310445421355018,,,,
m_17,Serine,Not significant,Not significant,Not significant,0.23712958458048658,5.1165204323469245e-05,-,+,0.5332948134346942,0.4223967436430935,0.2372074077313893,0.0760949242686926,0.92,0.83; 1.02,0.13,0.256
m_19,Ribose,Not in human SRR analysis,Not significant,Not significant,0.44915265553609107,0.0,+,-,0.8482000898202404,0.7873993736585341,0.054808870576407,0.0075075315977619,,,,
m_20,Quinic acid,Not in human SRR analysis,Not significant,Not significant,0.0006205576159036034,0.0,+,-,0.6456906791013269,0.542581805575565,0.3536537999037037,0.1440718815789396,,,,
m_21,Pseudouridine,Not significant,Not significant,Not significant,0.008837448247624762,0.0006009910711066334,+,+,0.6304159218385341,0.5243771897762682,0.7496393991912585,0.5371271819744488,0.89,0.66; 1.19,0.421,0.564
m_22,Proline,Not significant,Not significant,Not significant,0.0,0.0,-,-,0.9853691539728252,0.9762777423321958,0.333800513529022,0.1329042498862891,1.65,0.84; 3.23,0.148,0.278
m_25,Pipecolic acid,Not in human SRR analysis,Negative,Negative,0.2539681494857172,0.09668448469184378,-,-,0.0140734564216702,0.0057132839412316,0.0062648925314992,0.0002578876982448,,,,
m_26,Phenylalanine,Increased,Not significant,Not significant,7.227208368304189e-06,7.016401228031782e-05,-,+,0.2498146234899124,0.1657747856373797,0.3238714545052369,0.1259582915419493,1.3,1.16; 1.45,0.001,0.001
m_27,Phenylacetylglycine,Not in human SRR analysis,Positive,Positive,0.6635927427697361,0.07826041135585245,+,+,0.005402816774179,0.0018559001552183,3.3673311179114134e-05,1.1949365216151217e-07,,,,
m_31,Ornithine,Not significant,Not significant,Not significant,0.023631491224024487,0.0,+,-,0.4522120230545311,0.3446953248832977,0.8376760170261747,0.6805478570124701,1.06,0.97; 1.17,0.212,0.358
m_32,Nicotinamide 1-oxide,Not in human SRR analysis,Not significant,Not significant,0.00047432285403289416,0.047166456747588646,-,-,0.1910393064579659,0.1190436558339915,0.0610546065594564,0.0099155893994806,,,,
m_33,Nicotinamide,Not in human SRR analysis,Not significant,Not significant,0.08859418427453235,0.0009649973688522815,-,-,0.0603060580555641,0.0299176256783813,0.1592890390041823,0.0406984059911324,,,,
m_34,"N6,N6,N6-Trimethyl-L-lysine",Increased,Not significant,Not significant,0.004437229533760774,0.5107178431430776,-,-,0.0819511379337159,0.04280682322599,0.8961570777036487,0.8117670326791311,1.25,1.15; 1.35,0.001,0.001
m_35,"N3,N4-Dimethyl-L-arginine",Not significant,Not significant,Not significant,0.0005760804785518904,0.0014071477510730283,-,+,0.4055817392140561,0.3008040578273163,0.3120152056829176,0.1186942159304782,0.97,0.92; 1.02,0.206,0.353
m_37,N-Methyl-2-pyrrolidone,Not in human SRR analysis,Positive,Not significant,0.16515527265773094,0.2681108622787826,+,+,0.0020058119403697,0.0005523456585262,0.2430408381461822,0.0784457687806117,,,,
m_38,N-Isovalerylglycine,Not in human SRR analysis,Positive,Positive,0.30621671390857197,0.2308110609138604,+,+,0.0020819969965854,0.0005808829691884,0.0138045844306307,0.0009405536588648,,,,
m_40,N-Acetylornithine,Not in human SRR analysis,Not significant,Not significant,0.0009681523802688941,0.0,-,-,0.8777446573636273,0.8260393297829451,0.1613061983687451,0.0414427564297272,,,,
m_41,N-Acetylneuraminic acid,Not in human SRR analysis,Not significant,Not significant,0.003833748965084004,3.656895766352933e-05,+,-,0.1904188072754556,0.1185218552026789,0.931953550974048,0.8744325507092645,,,,
m_43,N-Acetyl-L-aspartic acid,Not in human SRR analysis,Not significant,Not significant,0.0062681769196068346,0.028413993731259676,+,+,0.9544242926750424,0.9327482264113082,0.2716441219664364,0.0949956856082163,,,,
m_45,Methylhistidine,Not in human SRR analysis,Not significant,Not significant,0.0,0.08151390673842526,-,-,0.1372999362677295,0.0802946398045487,0.1493611631342775,0.0363597437580249,,,,
m_46,Methylaminopyrimidine,Not in human SRR analysis,Not significant,Not significant,0.012108608410712669,0.07389883093621688,-,-,0.812570537690565,0.7416364169411402,0.4007744866888746,0.1803342970622757,,,,
m_54,Leucine,Increased,Positive,Not significant,0.00012631354716113172,5.838753045677175e-05,-,+,0.0002923285915562,4.655432249632747e-05,0.625957112614025,0.3837806695010683,1.4,1.29; 1.52,0.001,0.001
m_56,Lactic Acid,Not significant,Not significant,Not significant,0.0,2.129956331603731e-05,-,-,0.9073860608839952,0.8657126880406543,0.6673397523621438,0.4305264974430012,1.16,1.01; 1.34,0.034,0.096
m_58,Isoleucine,Increased,Positive,Not significant,0.0005575641435749531,0.10937453736590275,-,+,0.0005469122397182,0.0001013087967114,0.2160596277752651,0.0654753225087369,1.54,1.36; 1.74,0.001,0.001
m_60,Hydroxycinnamic acid,Not in human SRR analysis,Not significant,Not significant,0.00046399389815072426,0.24445494808239576,-,-,0.3962915721846323,0.2922897823616512,0.2938791119199953,0.1090242191537576,,,,
m_61,Hydrocinnamic acid,Decreased,Not significant,Not significant,0.0,0.0,-,-,0.1068110598812707,0.0590530984013555,0.6046538217013779,0.3626206382808121,0.86,0.80; 0.93,0.001,0.001
m_64,Histidine,Not significant,Not significant,Not significant,0.0027602479356993634,0.0001124364478374316,-,-,0.9899282511613792,0.983772933599601,0.2540570821787619,0.0854670382915068,0.95,0.90; 1.01,0.111,0.227
m_65,Hippuric acid,Not significant,Not significant,Not significant,0.11593392018273706,0.0,+,-,0.2175631415413993,0.1394318785038208,0.0599296236461666,0.0093998912887174,0.97,0.89; 1.06,0.466,0.601
m_66,Iditol,Not in human SRR analysis,Positive,Positive,0.12020909400634514,0.19880612420838092,+,+,0.0001262830405107,1.684968886871418e-05,0.0253956043803097,0.0020727427279883,,,,
m_72,Guanidinosuccinic acid,Not in human SRR analysis,Not significant,Not significant,0.0,0.0006449435541041062,-,+,0.2388338829491845,0.1561149795572739,0.3763350967356352,0.1631942825446935,,,,
m_75,Glyceric acid,Not in human SRR analysis,Not significant,Negative,0.6140154444910155,0.06621718535428156,-,-,0.149479832461333,0.0886906599983495,0.0278193374703958,0.0025272357673603,,,,
m_76,Glutamine,Decreased,Not significant,Negative,0.006470463452246811,5.884094210131023e-05,-,+,0.939726118936854,0.9119755178503604,0.0469047640013325,0.0058256449256445,0.84,0.75; 0.94,0.002,0.011
m_77,Glutamic acid,Increased,Not significant,Not significant,0.0,0.025475868380044966,-,-,0.1307623562942446,0.0749865038223915,0.9042140934811068,0.8312630808680677,1.38,1.20; 1.60,0.001,0.001
m_78,Glucose,Not significant,Positive,Not significant,0.0,0.44171464300384133,-,+,9.711906981162191e-07,1.482760359571433e-08,0.9014108877720294,0.8257767763520898,2.53,1.09; 5.87,0.031,0.089
m_79,Gluconic acid,Not significant,Not significant,Negative,0.5986045569573611,0.008745022368392221,-,-,0.3300084418086321,0.2339804353206696,0.0471527498515074,0.0058899105563274,1.27,1.04; 1.56,0.02,0.064
m_80,Ethyl-beta-D-glucuronide,Not in human SRR analysis,Positive,Not significant,0.00228839712728195,0.0353602389809478,+,+,0.0008885603528104,0.0001999103135847,0.5630991959205836,0.3225131661518176,,,,
m_81,Ergothioneine,Not in human SRR analysis,Not significant,Not significant,0.011150287005193082,0.09538152040765935,-,-,0.4135524240665926,0.3078896329637017,0.2556965248665384,0.0863815087554806,,,,
m_84,Cytidine,Not in human SRR analysis,Not significant,Not significant,0.0034850608141604508,0.0,+,-,0.1628037228703854,0.09787976827466,0.8405544004940013,0.6887180924262544,,,,
m_86,Creatinine,Not significant,Not significant,Not significant,0.021789718490776218,0.003952474399996751,-,-,0.1285491131567966,0.0730786654638709,0.0735400488159766,0.0133614283157487,0.98,0.89; 1.09,0.736,0.835
m_88,Creatine,Not in human SRR analysis,Not significant,Not significant,0.12141684073343544,0.006270375868060236,+,+,0.0515196494872622,0.0247177310527957,0.5963645743867118,0.349625434583108,,,,
m_90,Citramalic acid,Not in human SRR analysis,Not significant,Not significant,0.0013046927618982826,0.12566218075439411,+,+,0.0740234875391951,0.0380887356039151,0.9222959443724974,0.8594567600859397,,,,
m_93,Choline,Not in human SRR analysis,Not significant,Not significant,0.0,0.06377005858142,-,+,0.0682725620670949,0.0346935091838466,0.855690729040194,0.714796300979637,,,,
m_95,Carnitine,Not significant,Negative,Not significant,0.0,0.08854188217885406,-,-,0.0002923285915562,4.668128679926135e-05,0.7684861535363128,0.5650473066455785,1.04,0.96; 1.14,0.33,0.473
m_97,Betaine,Decreased,Negative,Negative,1.0,0.12945837158774012,-,-,0.000390150269469,6.83939791049296e-05,2.4878877104689227e-05,7.062846587562593e-08,0.82,0.76; 0.89,0.001,0.001
m_98,Beta-D-Glucopyranuronic acid,Not in human SRR analysis,Not significant,Not significant,0.0013052937963709563,0.12566118756999714,+,+,0.0740234875391951,0.0380887356039151,0.9222959443724974,0.8594567600859397,,,,
m_99,Beta alanine,Not significant,Not significant,Not significant,2.3468316021694154e-05,0.00013990885947051882,+,+,0.9636729763189068,0.943838685110072,0.8873403489121509,0.7834938705969882,0.92,0.83; 1.01,0.089,0.192
m_103,Asparagine,Not significant,Not significant,Negative,0.0010049565373366578,0.0,-,-,0.7843854414682184,0.7037994216581206,0.0128076624709245,0.0008544501577479,1.03,0.82; 1.29,0.817,0.885
m_105,Arginine,Not significant,Not significant,Negative,0.4455597335198948,0.17736430308724038,-,-,0.7541198199075255,0.664203475163406,0.0387968427031466,0.0042954630672043,1.0,0.91; 1.11,0.965,0.988
m_106,Anserine,Not in human SRR analysis,Not significant,Not significant,4.0764073375988144e-07,0.0,+,-,0.2175631415413993,0.1393241914344216,0.916746816028456,0.8484299844578472,,,,
m_107,Anhydrohexose,Not significant,Positive,Not significant,0.0,0.270259276368665,-,+,0.0021643147302337,0.0006150816447464,0.8750998035526969,0.7495283554654812,0.81,0.54; 1.21,0.311,0.458
m_109,alpha-Glycerylphosphorylcholine,Not significant,Positive,Not significant,0.01173026599427269,0.0,+,-,0.0339487450369986,0.0154684842539056,0.7905801281106597,0.5964458575194262,0.85,0.71; 1.01,0.06,0.146
m_111,Alanine,Increased,Not significant,Not significant,0.0,0.0,-,-,0.9308772866844268,0.8971833607646924,0.7738338013361701,0.5750205748750674,1.32,1.20; 1.44,0.001,0.001
m_113,Adenosine 5'-monophosphate,Not in human SRR analysis,Not significant,Not significant,0.018696314250006035,0.20769220263935026,-,-,0.1022684213142422,0.0561786785643885,0.47551759710114,0.2500770329680232,,,,
m_116,Acetyl--methylcholine,Not in human SRR analysis,Not significant,Not significant,0.0035176566213989528,0.03192226097611216,-,-,0.3000832382322256,0.208290565643092,0.1900992143200865,0.0527528692683845,,,,
m_120,8-Hydroxyquinoline,Not in human SRR analysis,Not significant,Not significant,0.002882980921098066,0.023601188594558183,+,+,0.654451750532703,0.5518017598529816,0.3536537999037037,0.1438826951576962,,,,
m_122,"5,5-Dimethylhydantoin",Not in human SRR analysis,Not significant,Not significant,0.0036349587478400453,0.00044241380906254787,-,+,0.6588287468064195,0.556670805824832,0.0730427051357004,0.0131675938622356,,,,
m_124,4-Oxoproline,Not in human SRR analysis,Not significant,Not significant,0.0005377670922344327,0.0012123245432343356,+,+,0.466350876654716,0.3584513835465276,0.8901380880394901,0.7911824084877903,,,,
m_126,4-Hydroxybutyric acid (GHB),Not in human SRR analysis,Not significant,Not significant,3.965014297633961e-05,0.00026328991216208533,-,+,0.3002771388007571,0.2086382674846992,0.0643340467016362,0.0109582478413007,,,,
m_128,4-Guanidinobutyric acid,Not in human SRR analysis,Positive,Not significant,0.0009233697599243352,0.18480321184635154,+,+,0.0007442422853494,0.0001515105182356,0.5910177251266131,0.3439563765818472,,,,
m_133,3-Methylhistidine,Not in human SRR analysis,Not significant,Not significant,0.0,0.0,-,-,0.7946068446181445,0.7184734705773712,0.1317139086374513,0.0305525446696523,,,,
m_136,3-Hydroxybutyric acid,Increased,Not significant,Negative,0.0,0.0,-,-,0.2467728297303518,0.1634059972593458,0.0256083651196071,0.0021446324230756,1.36,1.18; 1.56,0.001,0.001
m_138,2-Naphthalenesulfonic acid,Not in human SRR analysis,Not significant,Not significant,0.18734898111365603,0.0005808784386376335,-,+,0.0897569161608416,0.047840627421428,0.0551502062594662,0.0078674176424078,,,,
m_139,2-Mercaptoethanol,Not in human SRR analysis,Positive,Not significant,0.004158057055685998,0.32942257710568007,+,+,0.0086649707142625,0.0031794108298607,0.4153390097704393,0.1947554886660382,,,,
m_144,"1,5-Anhydro-D-glucitol",Not in human SRR analysis,Negative,Negative,0.3218847662240513,0.12294483806666971,-,-,0.0010936806521991,0.0002639115839231,0.0080726654306924,0.0004182431344503,,,,
