,RBGpls,FBGpls
0,-2.0765528224845173,-3.701648389252481
1,-1.8447771401568775,-1.232693230795404
2,1.617582155457501,0.2279224817837269
3,-0.6535736718236052,-4.154990106892425
4,1.8463424779028133,-2.2302696049761845
5,0.44442759845519614,-1.3098929931507497
6,0.4830475157663989,-2.0482927860024214
7,-0.16276629476848486,-5.568654544431731
8,1.3394909680062153,-3.1004164771700804
9,-0.17141261769064128,-3.5764138070424356
10,-0.2593078157460916,-1.354632667649023
11,0.9187057237301741,0.14116154346122328
12,-1.6334492579813031,-0.37668004308319114
13,1.6073448351144828,-6.760355279078713
14,1.0402765278751502,0.9361980875140046
15,0.6222192674330168,-3.4492541713035507
16,-0.12666867579744337,-5.219878617798557
17,0.6401565124368067,-7.445947297117492
18,-2.2744343433358254,-5.05778617466681
19,-0.24261293192925676,-6.414401369369693
20,0.22906401177798355,-5.051496586889915
21,-1.4469031946387747,-7.28035258934592
22,-0.5984642850588495,-7.345817517820624
23,-1.0407493470381803,-1.4195239400425532
24,-1.5332533806136632,-1.1742617022296886
25,-0.6886557633382114,-7.499621242311127
26,-1.1704000443566578,-5.714287147354979
27,-2.3592083266188513,-7.197692809048529
28,-1.961014031247231,-1.8846861274194469
29,-2.525775565578484,-4.526564984447644
30,-2.751340439869508,-3.9185816976722845
31,-4.574335306977244,-1.6273872160582374
32,-2.9094538624075716,-6.021426700491478
33,-3.2819773793403226,-2.1571879357570896
34,-3.064433625560192,-3.754341842408143
35,-3.341708328418921,-3.5928979285864338
36,-4.7446286321636935,0.4271091051274785
37,-3.3698630685681232,2.533844303732084
38,-4.45428915205866,0.5358979726480562
39,-2.0247844376572424,-0.5190228406916568
40,-0.7050924301512833,2.7594718017109248
41,-1.3494686976450923,2.319816558643371
42,-1.3828215328009739,2.970442442052993
43,-4.6558187600829966,-11.328229378858916
44,-1.7004662357160847,-0.84874486577886
45,6.289596168843083,10.985505386899822
46,0.5425781002044904,2.051980965942187
47,-4.645560777935065,-10.950072116620534
48,-2.3127887242056664,0.261805465692623
49,-1.286686219484912,-0.43486069786408854
50,-0.8905696245044985,0.3367041311089782
51,1.8079099857251293,0.9071361448883478
52,-0.8243652563382134,-7.290162566383687
53,-2.4407399044344773,3.738659192488025
54,-3.8226416777373102,1.9842312746909754
55,-3.9494159107767035,-11.341531256527176
56,-5.936486326516515,-6.816600229720132
57,-0.09279334576256562,-1.484172936222349
58,-6.197566785538863,-8.606312569001288
59,-3.318934187672909,-8.273041816634024
60,-3.2815823314263017,-11.762448359802294
61,-2.5700342004446983,0.8554024828102365
62,-3.35982781580538,-5.053365383431823
63,-1.9290988158444464,-7.652822546513264
64,-1.3463007918234653,-5.884654176763265
65,-1.5812090483646122,-8.602637879173981
66,-2.620339935507387,-3.8877472065027963
67,-3.87870156088203,-8.780683177904976
68,-4.853250231678569,-11.829195928577764
69,-3.2994310795622437,-0.6909011553788037
70,-2.171967061992803,-3.845526234152735
71,2.1771742993775796,-2.0532585450916323
72,7.808559771892247,4.876281327194613
73,-4.048530624461845,-5.7210216302817845
74,-1.8770376095291088,-3.9152935094491848
75,0.41173113748299,-1.0089098905421183
76,2.776595195331974,-0.202352164162381
77,-1.3962460524032283,-4.6190206605169015
78,-0.3055434922856058,1.3689893386740284
79,-0.34431846517566084,-5.383919452860191
80,-3.1856442556370124,-7.276904836742662
81,-3.962926503587199,-5.713058316814592
82,-3.538509983544411,-8.06242103853054
83,-3.474236877470532,-7.263972439831009
84,-3.7651698257508412,-9.30302676476367
85,-2.143911651783496,-4.477480957210669
86,-1.126615400102973,-2.6800356964389214
87,-0.1450566829364673,-4.012682031157968
88,-2.038396807146551,-9.39647462407899
89,-1.4137665920538398,-4.90167845974005
90,4.351802349148414,-9.786010863573566
91,-2.869172329884267,-6.880086789300908
92,-2.048108434065397,-5.52984288654545
93,-2.986395879177274,-6.689376162315149
94,2.642310491321344,-8.670599835749572
95,-1.2191457758318787,-2.502780878676086
96,2.218569548424158,-3.7124535968321517
97,2.351662981433956,3.593666249340664
98,5.2765864467653465,0.4351156046274198
99,0.463791596333045,2.8873669424316932
100,1.5248163171691027,-6.154214037652013
101,7.45221329811026,1.5020557084010886
102,1.2574972806485,-0.9168829098371306
103,1.3039542966976603,9.018151300935692
104,6.243785424036579,1.2501358191989755
105,0.44817396613172894,-4.082825531417593
106,-0.17047952691743617,-2.0135178655215884
107,3.5039572705358784,-0.9500932974963839
108,1.0051834733790046,0.39232056467736304
109,-0.35569049453273865,4.996928472401657
110,5.028329836190103,4.286464564471851
111,1.7689526780275124,1.7750841099716177
112,3.9116386216390517,-2.090027697052531
113,4.536101440403611,-0.4368448619390734
114,-0.9249857476413647,0.6556035861946461
115,6.148603501592541,3.5663087618301748
116,4.045582047473191,0.7643831056859828
117,2.111006123379361,0.8012275519575753
118,5.368094387570028,0.32712209374342227
119,5.241294658144652,2.1608163111309677
120,3.9388383124681634,0.15637050289917775
121,5.30176940345007,-2.929512893883339
122,2.9629757996660575,0.7749532465991049
123,3.2723651947956065,1.5495439126483317
124,1.565100420131756,-3.0756004508872787
125,-2.2543484109235736,4.905258936761233
126,-2.221494669321598,1.020789696834283
127,-0.16963514539123342,2.11107014922005
128,3.27479147560917,0.4221949326668702
129,5.040174179977631,0.7160723000662872
130,3.8397494267620194,-3.0089103720460817
131,4.582462626601025,-2.758379926168259
132,4.275686900171823,-1.9284621368376604
133,2.8007566967539,-6.021921909567233
134,2.621826012377567,-5.415843323009362
135,5.050619760070896,-2.377857990386283
136,4.6649236583419365,1.1408065431448524
137,2.84591458320305,-3.5770590552412447
138,1.8818734707469502,-4.631611472392689
139,4.661393074978066,-5.526749887940735
140,4.205274048928222,-5.194799616427596
141,4.429637156695019,-6.451652523617906
142,5.415669118377551,-2.8182339449583385
143,5.582796291644587,-7.079203867659581
144,5.563766224883697,-6.970579726991725
145,3.8237742468812135,-8.711540428860907
146,4.593224373328388,-6.850493373170837
147,5.7610561632310375,3.3225077701342802
148,0.6199888520682655,1.5949959833590217
149,4.595026450963003,-9.41137538166031
150,7.691856929185716,4.929027992635896
151,3.8064617202430937,-9.747511923505403
152,4.522343881872189,-7.957549832181534
153,4.761153881408899,-8.177648102953958
154,6.085222938222141,7.826829076413752
155,-3.990165583318145,-8.695425805118598
156,-2.9133238567922213,-2.2349640640092803
157,-0.5998733132425654,-0.8044805144050983
158,4.197428204686986,-9.513165317856341
159,2.9944963374593123,-8.450710833102942
160,1.1415747219771553,-10.453090837055862
161,-3.13003442487812,-7.077856296933339
162,-0.4757792168172753,-11.46393598702011
163,-0.6284736265825015,-5.686544853809767
164,-3.470059670764314,-6.3688032845783935
165,2.4208025801199344,-6.966493961490755
166,-1.4851088474645577,-9.592075155937401
167,0.3922187390409566,-7.9835653797571045
168,-0.6152106807750102,-4.113705759532929
169,5.042485172058088,8.220951614919208
170,5.0836355294264575,-11.876976534856977
171,1.1258911224693537,-0.8331179189783928
172,2.5124589764429297,-3.0820072824685494
173,2.6964567659919507,-2.565088286899056
174,3.055917495664878,-2.5168556663610615
175,1.478032593201247,-2.5468313564294345
176,2.365596264276238,-4.011077879296593
177,1.9411348692472896,-4.96051952638024
178,2.6640706657151343,-3.3459484638212684
179,1.9091683871341445,-2.776284872668339
180,1.6456577043156126,-2.4254787271762646
181,2.192069943403448,-3.544182642665442
182,1.8255777173596166,-1.6682512458568557
183,-3.9885476793961216,1.6451536721960234
184,2.076006955737839,-2.84042384404875
185,4.431572784304921,-2.2254996448263458
186,6.004623018680576,5.178303118646204
187,4.666173117429871,4.043141388119901
188,5.366856733099344,3.180777652818794
189,2.0821561743719186,-1.711246805711403
190,7.721458291773403,1.3323883263261276
191,-1.8251651530707709,-9.327133982849354
192,-1.4669963023959478,-0.5743449746241103
193,4.485835548618479,5.236068071288355
194,4.423550536868676,6.364741295839103
195,5.695087438479314,-0.973481453970042
196,1.0169194747030499,-6.04424792724595
197,1.640341641679354,2.9890962033321666
198,1.0968788035940715,-3.6066889668039024
199,3.517567111042711,-5.049231331645512
200,-1.1878617345398563,3.1059153814543543
201,0.8023682329525879,-8.567756674079215
202,8.11992275775929,-0.015575297372039592
203,2.7463569330170103,-2.1858358961884594
204,3.9665579584220825,-1.0414951745317025
205,2.9195653260687857,-2.8676504598157306
206,7.396312988242169,7.530094219952315
207,-0.8301144359153884,-2.8709372712639523
208,0.6739234959877776,-8.661899480233624
209,6.5293192901134525,3.793761046640238
210,4.813292285555899,-6.979290388187752
211,7.534890777236078,12.876764757582366
212,7.074265981636746,2.14100897160884
213,2.758448031203215,-2.7883093288428014
214,2.4905798871510028,-2.927058920712346
215,3.8795315226932288,-6.58017308019679
216,5.562059355982852,2.0745122431453646
217,4.74898529652963,1.6168297125889033
218,2.3651661470305765,-3.7945043032506023
219,5.911387678823932,7.076842627810662
220,3.4107016553614233,-2.3335399399504113
221,2.443209256734884,-2.643284616977296
222,7.200490834762435,7.55887813319058
223,5.662803035961671,-2.0678298262877934
224,6.223776001621001,7.655680693669492
225,7.019235997352452,3.0232664381044234
226,3.9687255735688387,3.159188255256917
227,2.4442382063359234,-2.7726097855623344
228,1.6582572063144587,-3.513542316715759
229,3.0855301918739206,-0.9769747110309568
230,-5.8655937937332165,3.113950230535285
231,6.995983699093965,4.012212611177085
232,1.5645890226473371,2.4779083024180895
233,6.652661580386246,1.3962462329636862
234,2.665053395002714,-1.3135855527071025
235,1.7635555064330974,-3.0216512757600325
236,7.1686292422275235,5.1626292868937105
237,6.520330921691603,-1.3515724062432906
238,0.409539257203203,3.9181851000830834
239,6.921883538735074,4.631460191169465
240,4.034128835928519,3.1058525413395146
241,7.320038743279131,10.75120763912744
242,-3.089543268109609,2.674389535665927
243,-1.6201947962805212,-7.48398400196588
244,-1.9054086803720158,-6.977658305408708
245,3.3697658684079688,-9.74938963810746
246,3.3353805729593997,0.3559631710736448
247,2.4337330112753865,-1.1309445735741468
248,-0.786813153645759,-9.27111618243324
249,0.27189125385624807,2.964493412793551
250,2.0814692193798265,-5.1060855195861405
251,1.995151663350437,-2.342484865159221
252,5.428197355606403,1.7715532237470486
253,3.2584023144499814,9.797821796120761
254,3.830881630876463,9.648259251399004
255,3.085089070448619,-1.8493746997997085
256,4.015096957518947,9.563763607053875
257,6.902386399253723,4.341749553672361
258,-1.3796539577934845,-1.029288527732051
259,4.7831274517353055,4.800070342563253
260,5.636459612017833,6.090147091714606
261,-1.0596943936809011,0.351646244685957
262,4.509901944041943,-3.9364315336583413
263,2.7051008208724747,2.535321853344353
264,-0.2411646364834525,-0.9220412867660951
265,-4.7078361333091765,-5.014471257022562
266,3.8357670509218016,6.174446812081799
267,0.5181069615736611,-3.4252870530663087
268,-3.3916500489334624,-1.9416892906038143
269,0.12641616234715977,6.0314689327248825
270,0.5567657008403935,-8.353168450820075
271,2.540836936064005,5.2126592503066
272,6.1063310192624405,5.2648612023683725
273,2.8210029043000135,-7.001584113866001
274,2.5527590654131522,0.09300255567341334
275,-1.8595673856497523,6.912750132132135
276,4.304661227180166,7.698788539041246
277,6.151747109106746,6.955621338706457
278,6.594704306181346,5.058412517049666
279,5.570838040651098,-0.3053271635355755
280,3.648687223146597,0.46300288372379983
281,4.883306593765816,9.894017150301949
282,5.3147391063535565,-4.06894934766793
283,6.253909729374579,-2.541318071296321
284,6.732975483929298,-3.2553460299635524
285,3.1725210204857905,-5.292015379671708
286,4.999123591528521,-5.709753432168742
287,5.954648047891375,-5.73223233134863
288,5.1991996547985035,9.918917017751948
289,5.895019346091076,10.037694868830233
290,5.6405262953636655,-7.656482787813847
291,2.320183065222009,-5.043639914931367
292,-3.164281251453215,-0.01854934011885949
293,5.089566327093631,-3.5481956182071714
294,2.1538289471148997,-4.4725660934365195
295,5.62353238176268,7.375728762481506
296,-3.962649649006948,4.197253954977098
297,2.6898699825397685,9.047926748990921
298,-2.375904535309861,0.9499706123104382
299,0.5037925993270967,7.661833157994192
300,2.5147624524569703,8.854880632787411
301,0.009343903214170798,1.8700779288054654
302,3.358824404607503,-0.3110834843556549
303,-0.21596213458847205,5.058649441694332
304,5.748124857126921,3.3486562456459503
305,1.0122403465896568,2.7755115303867686
306,2.315126968683294,5.8042032358842715
307,-2.914858799216154,3.4961399466045626
308,4.6703959395205015,-2.1172816276462365
309,1.2784640749153748,-3.6203364235377853
310,-3.219573891240797,-4.280424755272991
311,1.979430178738562,0.14339098210868675
312,-0.23755686864984324,-4.86078014913172
313,-0.44372576415010506,-1.2412028670069049
314,1.7274276263590862,-4.620582896111915
315,1.3634642163503632,-9.658601571553485
316,4.843884000107405,-6.34719845708705
317,0.3050969661826812,-2.086923402249222
318,5.011941997521326,-5.546185129324059
319,2.7143462189175986,-0.16998622831547933
320,5.070590959052586,0.8393548972959026
321,1.8041226888434405,-1.8103245917566728
322,5.576771373386328,2.6069784082313463
323,3.9775884441019067,-3.458221637176431
324,4.729052299013227,6.153458349952757
325,4.262846681950892,12.203982743539033
326,6.125044688166709,9.454185019718107
327,4.14587279603633,10.477604398799278
328,-0.20868356495059057,6.834055208550191
329,5.25190260424686,9.984404147804712
330,3.85204170495713,4.146207445748799
331,5.162284625104815,-3.591667477180394
332,1.5094165340685233,3.863274388743225
333,1.9322235243348955,2.777772944112344
334,0.28775407021136706,1.7661582274371788
335,1.6671691695633628,-2.508344140286443
336,3.867198558574297,4.804538410512908
337,-0.9929010573108303,-9.083002156439061
338,2.8138900662202126,2.9136073225059995
339,4.153299443807204,7.533031265131612
340,4.079966094865689,-4.3091337837339125
341,4.364678677815247,10.236994352461014
342,4.601741699543539,3.2129664422190842
343,2.4946281247681252,3.84787931034686
344,2.3410568439256334,-0.9688970404093508
345,3.6506641206777193,-1.292504402450253
346,3.426559365856871,-2.819094504181537
347,3.4242109585842475,-0.21185092515145193
348,2.374713250700211,-5.942370191861317
349,4.410288890527312,-4.21188224536803
350,-2.474728394673378,3.105460852942395
351,-1.3486068175230828,-3.1226633908739987
352,8.005432883153993,2.480493442649327
353,2.7715867591723384,4.723703527300393
354,0.8967050809021798,-3.409673216689477
355,6.008031508752618,-5.388976692601102
356,0.3259957001485599,5.091402446426748
357,0.20131490568216026,2.43817473913456
358,-0.335112391977934,-4.977880099795059
359,3.4139686055552083,2.3773202645668223
360,5.940970802457006,-0.9363874697961099
361,5.986712361875641,-1.864468209451404
362,2.962637797184816,4.952193842712474
363,-0.049498078727312274,4.297665649555442
364,3.9381717041065296,-6.940676850561982
365,-2.747355477166437,-3.466829307158286
366,3.1615181206789225,7.13713586149993
367,6.907411656499604,-3.00180642248408
368,2.12775115300784,-1.3276072225483309
369,5.011139855383311,0.31617847808474425
370,6.804070526560351,4.274942967131438
371,4.766465943616754,3.793572238466405
372,4.828502529941304,-0.49443666460421
373,5.91798371077652,-1.2025598289897594
374,2.904220878670433,-4.743031305323393
375,1.912449331640816,-6.20213519059613
376,3.0290901589027808,-6.309839138980262
377,5.790747970782142,-3.6073075761593385
378,3.2341909701130858,0.9179851027696884
379,0.29941176203252784,5.113839755579778
380,4.578361951336634,6.364042556417153
381,6.6722954878740515,3.0332923173497086
382,2.366643126921108,-6.4548768468988875
383,1.9641233072651558,-7.984589308468035
384,2.786880659682231,1.5367179911238331
385,0.9496791131568587,-1.0450407682931888
386,3.391449337940495,1.1488980336632553
387,-3.539012954904251,3.078075040310318
388,2.3054640642615416,-4.232875823686431
389,4.85312540563811,8.18274360640639
390,-1.368281370583384,-9.171174286341666
391,8.455931300260216,1.1267207694104433
392,-3.4328507993601503,4.4187298477589145
393,1.9263869626181502,1.4906622115797707
394,8.63294568605398,8.433400393935154
395,5.392198775772247,8.706294643442865
396,5.476783242262662,9.489249215491808
397,2.3963299702773475,1.919159622899554
398,1.7355471920885592,0.40764330525177545
399,3.6009468962557754,6.3075943460036745
400,5.38159196066387,8.06962527872924
401,2.94878141275874,0.902093889317131
402,3.0569625907320526,-0.6216807078355004
403,5.487042569986553,0.8238894730653065
404,3.5229846348396348,8.920135596351056
405,2.2511195217383264,4.958371243827143
406,-0.1664359746374102,-7.1602490091797195
407,6.71804447361526,12.330125772013888
408,3.144220507024309,2.4791520032199967
409,7.098075676237862,13.203704249630649
410,5.904999456455101,1.9751197140274626
411,3.7338848911030365,4.558033385570207
412,7.032829310865113,13.688795228035374
413,7.824867712652206,6.35890730006054
414,2.4715156619266727,-8.315599420812994
415,5.04993432568345,0.15768155856976984
416,4.740029604423827,-0.17970633740595943
417,0.001608192112616441,2.0276523689964705
418,2.0818175761448905,-0.6659537441806008
419,0.6926282642360478,-4.172938915898173
420,-1.394330208066275,-3.593735113493425
421,-1.053691943789692,2.674907645377519
422,6.358348059176598,-4.550303297207686
423,2.4203032880022377,1.9419890870042729
424,3.5165128911739143,0.8583526510608293
425,5.045781290292903,-1.3616286250786853
426,5.849928207995282,-0.590578034414796
427,3.870871754354225,-4.144054971289747
428,5.147723244319284,12.431830014967904
429,4.550375375121812,-2.1197597632092062
430,4.726175643918803,-3.508816290539099
431,4.332446304939938,-1.593274790445371
432,-1.8920452553271803,-2.3275654246040935
433,3.784252759526926,-0.12012556397333132
434,4.05995807385239,-2.734200959667004
435,5.318734612315212,-0.7303742691619395
436,6.117175304170075,-4.464021327368621
437,5.258081390263534,9.600499349178758
438,5.56732881993049,-1.0574778667541433
439,3.061587637776818,-3.835309852190753
440,0.9800181132500854,0.11592462839548645
441,6.446779740785368,2.123827732048263
442,6.805005821763439,-1.2428040284147825
443,8.277039631380417,10.642244279468269
444,4.959458766752926,3.252698935518024
445,5.8838078872702715,4.750216318706356
446,1.6542299779901932,-4.729226472667994
447,7.599783954052075,9.445974670112259
448,7.379322341685675,10.144837864450196
449,7.299202890510062,9.225361795370747
450,6.608100712469304,3.247013873650199
451,0.09897690083902277,-6.690115655446734
452,-1.2521519642513692,-9.408071805449179
453,-2.6530806463668526,-5.036354459254434
454,-4.469069023984854,-7.402654253033034
455,-1.1558681326245828,-4.1543797521137495
456,-4.14757720992956,-9.584155202781552
457,-2.1693625504164995,-3.172925130107336
458,-5.050077020041105,-9.500985363095038
459,3.0085305994704115,-5.069583737081263
460,-6.412634050158871,-7.588313141517192
461,2.639033514872485,-9.427903213901342
462,2.331962980844798,-7.8080622493913205
463,0.7994187998876416,-1.706836008110431
464,3.6285826300808055,9.733587449656948
465,6.383385121773773,1.745404765569635
466,4.860201700391621,-3.974569510964497
467,5.52654051956708,2.359738311517922
468,1.4236151056019715,5.1800247023662
469,-0.5911300076279273,3.3905216747881584
470,4.680420451444748,0.865660067289424
471,-0.9485851397161268,7.86949630954636
472,1.4349175452968987,0.3526570737428165
473,2.4659380761915037,7.15887857503492
474,7.012786246886317,4.36494871645732
475,-0.741053644281121,-1.1514263903692656
476,1.5031512309522783,-0.45441280418932467
477,4.140354108544487,-0.7824080056638206
478,-3.5488295196368393,-3.016005910248551
479,5.214118920127095,-6.391587250721175
480,5.302325451146316,-1.9678615425797816
481,7.983073716491874,5.999141317900914
482,5.804776149868019,3.198546051211451
483,7.647900868314659,0.23639822936683969
484,7.519166662789807,0.23176417021182294
485,6.310445977887957,-2.9590631360206023
486,3.3614458106000846,0.1574646498499834
487,6.152852254759252,4.348903171622995
488,2.583754087251744,-3.455182120929965
489,4.505912261986381,1.4263807997687643
490,-0.4181914850784499,0.3634994575835444
491,3.1489201617561564,-4.789630003541951
492,-3.226580245976362,-7.947282947555815
493,3.172782666732814,-3.299825816252925
494,5.7910485864320655,6.056683205726479
495,4.835608966528305,-4.918274571966311
496,7.982950680504247,1.4761175666468882
497,1.9196540352217735,-7.572152656822971
498,5.226259683897125,8.25604092198362
499,-4.2058841940554945,-6.935467340769264
500,2.372452388100396,-3.430340730953877
501,2.942817200714149,5.365596342897074
502,1.9640859314453778,9.292837656926457
503,-0.0605226648962622,-5.11481541536841
504,-0.18645357258102024,-5.04706637812804
505,6.822143028151082,-4.7036244271994105
506,6.513243266717913,-0.2491130321594533
507,3.588690661210419,-3.7410759456741998
508,6.536351901789988,-1.5801624684986257
509,6.052359683258082,-3.178244761135655
510,3.3749433060318093,-2.6043484017030423
511,5.234471279886764,8.856735297532179
512,4.751977505393542,8.616946384369616
513,3.7628922200524495,-1.8752409676716275
514,2.094048565656769,-4.235881457792475
515,2.8179293951838558,-0.9608191847368945
516,5.515866529137783,-0.9273095847642424
517,5.261666117840083,-2.546994249166575
518,5.379282666150619,-1.6978086014719638
519,4.109004549386474,3.0268076333783833
520,5.389626653863176,-0.7093524065376475
521,2.6624300868727833,-1.4795784021258016
522,3.575542425257941,3.2762292259473673
523,7.6898994017094155,5.1732503740563445
524,-4.781843376763926,-5.0552829348239365
525,5.674943500257992,0.3505445124337149
526,7.334139534110282,4.239919175962614
527,4.420010919798185,-3.219749756572643
528,6.810868622713813,-1.9743642163383823
529,6.765489017364631,-2.3519774665451187
530,7.268951737298078,4.385972170650587
531,7.482444962038926,-5.313807712201983
532,4.389606436063852,4.539730907607956
533,5.97617041848829,0.2718960909418895
534,5.564250591396465,-1.1699516664309932
535,6.955615482169095,-7.741251700485443
536,6.079897555595542,-7.091008855884416
537,0.5384304619751669,-2.5683682947663646
538,5.350953277161334,-9.180624902707128
539,-1.4214451342291525,0.5279797266710566
540,0.3164642520696831,-8.062464630039512
541,1.1929443140771532,-4.58259177912946
542,4.860180359570263,-7.283066147599046
543,3.752519848748037,-7.468630750529981
544,-3.7124018994948824,-6.315317539573736
545,1.1275806209120336,-8.206411288743661
546,6.550924651930947,3.4685352518642834
547,7.087513383757834,2.9988063395613063
548,6.982160833255877,-4.373685488828569
549,2.3406346295068228,-7.109639977425554
550,4.719783784093127,-5.233689800796971
551,3.788632237400945,-4.51788065234401
552,6.235429785914649,-4.77855494002541
553,2.0002383356541285,3.005929999779431
554,1.6420129962404597,-5.396864173770318
555,0.0850089200896835,-6.140134292499721
556,5.796450579909075,-4.98676775405047
557,1.1781926338669442,-3.052497049540112
558,-1.3755360396891958,6.576420406705914
559,5.469642955729892,3.2007077116132368
560,5.0362881468909615,5.3201968687538095
561,6.1399418338774785,1.7766425230102965
562,3.040979747846977,-5.834810608107675
563,0.25677206286437687,-1.52867395357778
564,3.5862436374220934,1.4359063887566734
565,2.0887718127072143,-3.6275400471090906
566,2.80181113536789,2.1747126698513575
567,0.447431634293349,3.3731571286263904
568,3.5743410916835763,-2.3019238859640243
569,0.05995087526690024,-1.3497004933896743
570,4.599011055562781,-0.42766162078570313
571,-1.1195779739815197,1.9412460930360267
572,7.192906691584379,13.747382766202909
573,5.202957178606769,4.980067483416835
574,0.6900526536241343,7.04381723780984
575,0.5653660299583094,-8.420846084699141
576,5.3448277013856424,-3.4445162870561417
577,1.405756419380006,-3.444384318819225
578,7.012646202812277,3.152866194833794
579,3.112990679853394,-5.073141772293672
580,6.160621028466416,1.4999591450894445
581,-4.896857708585499,-3.205134007772237
582,-4.45733885683053,-6.6578660297976135
583,-4.616936565034876,-3.7407453590483444
584,2.1824564692732107,-5.930343967101444
585,2.301772070509906,-7.898378814874502
586,-2.1466420024206108,-1.14511923743089
587,2.9889194089307716,-0.6409098173345548
588,-0.18998106726666247,-4.546962967833914
589,3.9461492469951778,-1.967293207963964
590,0.9892890254331859,1.2152630384236927
591,1.638504014090278,-4.5192383527723505
592,1.661699254986038,-0.2291007427726005
593,-0.8092285417398367,-0.34041899333528963
594,1.0326543849629337,-0.9930258054774682
595,6.4566007997060515,0.7942370835328204
596,4.397276689920167,3.900661211445093
597,3.188637612147703,0.9106590946878622
598,0.13017018337130742,2.2788891843772454
599,2.7300406586483774,1.62999111306565
600,1.0879294414069538,-0.9993822988250005
601,-1.668171541410623,-0.5486845779762681
602,1.420127020834272,2.3826990840956697
603,1.4234998379013832,-2.8748723521947896
604,-0.2193744683758287,-7.937271350040186
605,-2.5877395630829847,-3.317618670445122
606,3.994079016444157,-4.850152876514523
607,-0.4881373180596,2.175947974653571
608,7.0027828781937735,3.5820640228147225
609,4.473185564150588,-1.2966229624188115
610,-5.086619921690737,-0.6158900866508885
611,1.275779185543294,-3.9615747525685454
612,0.485196893148653,-0.029368749627937812
613,3.5186597135688964,4.445891735151322
614,3.30175007960392,2.412433158499299
615,3.7394207974218747,5.166802539568391
616,0.9401618257508351,-4.318463939504949
617,-0.35787748531168667,2.729357304833686
618,2.746547182544786,-2.823214195654617
619,1.2370599377261045,-0.5576724086294584
620,8.070780517686611,0.49954242765328133
621,3.460946473069876,8.188001072533021
622,3.99886046225934,8.454657175075074
623,3.8447417000299304,9.222419601892017
624,7.076945587195952,4.884163327051873
625,1.484699925614382,-7.105487178627946
626,2.526847418130537,-3.200507940041549
627,2.8811991171690265,-1.7137034379133178
628,-0.052742455236904844,-2.5911639997355826
629,0.10576567435227896,-3.455448116143603
630,1.1627751208328774,-1.4412999510144968
631,0.4088094481633419,-1.5436333769749366
632,1.1823482751700443,-0.6213599647330835
633,1.468565349810094,-3.411118232139721
634,3.0184275260500906,-2.370182080949766
635,2.4332205123504047,-10.912121532891826
636,4.953951749588748,-9.409200970334597
637,4.04899748272587,-8.950285581999406
638,5.218331737314132,-4.672128895446408
639,3.2682005426416953,-2.1648045466123333
640,3.6215263710784544,9.783795540716705
641,4.218922478529478,9.407645833623587
642,4.4479503284350725,3.7829798207465966
643,8.137383990631456,-1.188221256549149
644,7.634569033071887,-0.14859574733062103
645,-1.183223676257769,-3.139075514323246
646,4.5773274905938655,-7.63352152895768
647,5.6191126311029445,-12.16999819805526
648,7.465014633714488,-4.4440150156976195
649,6.765076168451902,-3.0899996467617634
650,7.904294997009965,5.746783052763199
651,7.4216916173050205,0.6232093915664598
652,1.5189788938331095,4.9330882829916884
653,8.181249387179168,5.0637025586072095
654,7.812248107641039,3.7587346152039216
655,3.6482781993060276,8.498377778271836
656,4.470453746138678,10.173356110371556
657,8.099106780572049,10.661145093448118
658,-0.5256814058715905,-5.941397200262615
659,6.153225117200525,9.815241254020002
660,7.432840981106496,-3.1341009223140808
661,8.242262384529687,-3.5252827060830314
662,7.170459337879271,8.347532718593074
663,2.616979941727207,-2.2803585687235155
664,5.209460612466203,-3.7360548082767164
665,5.568838370712485,-3.06602692193043
666,5.40278467173505,-6.926546432309615
667,5.516075436598105,6.208132887167763
668,4.623195742015901,5.978696476756499
669,8.9676208908554,16.259196887935044
670,8.625959641228148,16.206654214122995
671,8.299069900591872,10.124969625393277
672,4.2255102635316435,9.347070552623359
673,4.277274738049737,9.172211309447277
674,6.021500771291735,0.3211914561036486
675,7.594100167210691,8.685204342429897
676,5.409576918634698,2.993425923083524
677,5.1594477785632415,3.984796700910785
678,7.6512850798107195,11.878531240699711
679,7.808115862280601,10.299715043049583
680,6.897433330608188,-8.441362019143229
681,6.705750354232934,-5.293474620179235
682,6.408583190871071,8.281326103085242
683,4.31530863850336,9.610051528132324
684,-2.979625108762548,-5.346244502522688
685,6.440432090178757,-2.400004116934948
686,-1.8661619277745125,-12.193808291509656
687,5.999650278377159,3.6341152898149893
688,1.6224978469344118,-11.138424511653252
689,7.119019140700155,-0.9936377712212944
690,2.2917494599969683,0.24725856262421098
691,4.690352395871034,-8.872853336595327
692,5.058188442465567,-5.410029054639979
693,6.7678540591502045,-3.3415355559787683
694,7.5626489356813416,6.268690448895927
695,7.816111949933946,2.832400280051054
696,8.174046502658957,5.362025241330933
697,7.983996893326257,5.322918966833953
698,8.165717913191802,2.2189196284719834
699,4.055652063588318,-0.5743223900412857
700,7.509544108521771,6.602836091896329
701,3.592493998609104,8.521301018947913
702,4.580624198566982,9.52277829213102
703,6.797634990000035,4.837505010466162
704,5.218572149844228,-3.466869395389506
705,8.676517752821775,12.14698344727455
706,8.563096940781316,13.038755385667052
707,8.485609939014864,13.4543657903055
708,8.63000099360876,9.244475870565694
709,8.013154455808829,8.705481523264433
710,7.769663953578942,12.583787888961723
711,7.86754187781154,10.641691211537506
712,6.293143747138486,4.9603031879736035
713,4.121830931208162,-7.5743131244023925
714,6.69857245900038,1.7862308300361882
715,6.580299297505528,-10.223793431469137
716,7.37238949185918,4.681542866637032
717,8.064262437935547,9.288329963366925
718,3.1985223033030294,-9.64477980979154
719,7.183977866222064,2.520787119091275
720,8.145239898410283,13.588005860038958
721,8.574878179407776,11.950116531800946
722,8.480125683093398,11.469138878956143
723,7.928475861616617,7.9037111053082745
724,5.0698984215793175,-10.581383229657522
725,5.471218543349354,-7.733078877224253
726,7.220499165289631,12.90899772418039
727,4.380808237475292,5.4389337607462265
728,6.536923765319794,0.9705510670232745
729,3.7822834848873153,7.958241516514407
730,4.3135709220947716,8.27022262426027
731,7.756881504721122,3.7690379488164933
732,4.991057322503314,1.5329098965459134
733,7.265957625157026,1.792078427717288
734,8.12661367222531,8.846597441900387
735,6.093066089428723,7.701373715280073
736,7.272860747972168,8.179124194759899
737,7.224797690183122,6.6302056753844045
738,5.773803825577162,-0.10014899157768876
739,6.286879366772954,1.0468915211787602
740,5.2519126933061,4.377618522759284
741,7.746595688131469,7.587837733143406
742,8.044678559277097,11.3907620400036
743,8.253415421238529,11.328226956078401
744,8.241194853951287,9.135388182064112
745,7.195872942700434,8.319981414108923
746,6.828069930715303,-12.608098478608202
747,8.297269080266796,9.887722553699893
748,7.971598030748396,9.182639467898259
749,7.820246727766774,8.345734956541829
750,7.082036502925498,2.9076549647605874
751,8.226900709528078,13.879639975414213
752,7.942944683467012,10.352041573602609
753,7.344732288598345,4.3197998787252825
754,5.3023972371219275,-2.2984340048407073
755,5.216430450590623,6.347449691421057
756,7.883220353615185,7.637079591525862
757,8.129765557163267,7.807994443449389
758,8.483490187384753,11.549575940039944
759,7.526619145297212,9.665779311352583
760,6.967932095180858,2.5368961896878677
761,7.569470547175544,8.024370473201188
762,8.160900253038402,10.28620438672584
763,6.428248830434943,-4.155498738881738
764,8.14827358452075,12.821580756394194
765,-1.1312801100049257,1.6102438117988047
766,-0.6137201831243653,-0.5776949788300646
767,8.228259905191582,10.01198014889024
768,5.1950226045902905,-8.14057409349894
769,7.379169777418298,9.077296243341873
770,7.691389742246838,8.716268823670896
771,6.620738584888334,6.243848471067134
772,7.581004502521639,2.800634198392439
773,7.297666063140843,2.723363978114239
774,6.655291331258242,3.6838244522907875
775,6.959747485425028,-0.6480409465868018
776,5.740378402692167,-9.910163192048246
777,5.8714268299569605,-5.790171745390005
778,4.0637297024575325,-8.432554206715933
779,5.5624030896923,0.12123720762293876
780,6.339718107309635,0.29436784674243605
781,6.471267433513688,5.135956978899984
782,8.217142056782643,9.737653470716289
783,6.490725408658337,7.2346399583856655
784,7.869661230664184,9.696222040592518
785,7.831121109691367,9.297890014418934
786,7.494540883812626,11.119888424539354
787,7.532731437672629,6.880020984090839
788,7.863960066549762,9.216399174086698
789,7.229091371736168,8.55653575387597
790,7.8978962253135485,11.362749012085104
791,8.090677962264909,9.197734099210045
792,6.855598206956326,2.138406789565846
793,6.338989074307141,-2.475984274630501
794,6.956644746840569,3.371717790808877
795,5.8553465283830555,-4.5053789683325665
796,8.508784604181418,13.603937229517195
797,4.499260550314083,-5.665497089328954
798,8.140881187712804,0.6779736649517599
799,2.0721884815944667,-1.6323721884636688
800,5.934501683211236,-2.044367377017073
801,6.145726126135134,-3.4716396283365945
802,6.682036776243542,3.687894043756647
803,6.508405745801619,4.059702176809797
804,-5.813954174833145,0.045221037134291084
805,-1.813648310127864,-5.6036514031934415
806,7.098019010427016,-0.8981671331523866
807,7.836472835094977,11.405180735797558
808,7.840830674356626,9.232203104281274
809,7.228484722147884,5.25269784484728
810,7.86105154553507,12.22099517968581
811,7.390503632063643,4.136190728383578
812,7.932404525900998,5.681169520176505
813,7.739315782603836,9.49855080683998
814,-4.233615177057722,-1.0869495738827384
815,3.7170878523962436,2.1047484305230952
816,7.040930201466398,1.2028858999427143
817,6.649916653820417,3.443081569126921
818,6.781062423330557,-3.7818510337477234
819,7.282752939088637,0.24650701023000238
820,7.07574882331661,2.0778021763294663
821,8.549819455589684,14.178412703732453
822,8.853954260200819,17.638536156755162
823,8.9024453386124,15.77930593024385
824,5.542767052838246,-8.573984136186672
825,6.305209339369271,-4.3217026646217525
826,5.610041274358973,-2.769911566739519
827,4.878429105514415,-8.721687588263613
828,5.996711662654087,-3.1400526667312887
829,5.887706439614521,-6.45007502611564
830,1.2234279967725181,-4.378124214448763
831,6.507676805557809,7.472012890037683
832,6.632992430167484,4.13693638261593
833,6.172614950781226,2.1869741313613145
834,6.611348252126524,4.709962165873317
835,6.794082868510076,5.319057332474337
836,6.93644917763874,4.463496979197217
837,4.572965492092935,1.511023524522945
838,5.83349617282978,5.039520923853177
839,6.260520772019179,5.528040593478934
840,6.853746999752638,4.688255563398943
841,7.406445855737218,4.033656319531933
842,4.993228270659037,4.10621417748372
843,7.222785140797674,5.74554519939651
844,7.065483194640344,6.953427543490388
845,7.908824824567008,6.967228789407239
846,7.765825830196255,5.5504221359278665
847,7.937320390506677,9.783412888100825
848,-0.5731040582903562,-3.5219274050448695
849,8.047972358859068,11.470139538375246
850,-3.9545343563169997,1.9920363279059807
851,7.64819594621845,-1.917038333447685
852,6.050450097497444,2.000151482202363
853,6.639407447363277,9.195955288180333
854,6.990791681760485,3.7118257808053485
855,-3.2447208903957043,2.1425347354200506
856,-5.963566142702543,-2.2958478673991483
857,4.946482279974198,-4.400020695729339
858,7.81303359026815,8.587255275826566
859,6.320126456920648,0.028629080563268256
860,6.487771543657457,0.5237729478344574
861,6.113755461486568,1.1949505078334952
862,7.666341470455545,6.2171957672744895
863,6.603472465989775,4.218058769545815
864,7.236832557420649,6.024336817037949
865,6.353218765100745,5.117775632711775
866,7.496079678650867,5.485123004200922
867,7.050697948175987,6.5297454230525815
868,6.710382082539666,6.208721660117598
869,6.9854349146867465,10.250495040715107
870,7.572238812605395,5.719606894263832
871,6.839329452793199,6.368636919892813
872,6.872764077920431,0.10529508542112398
873,6.8103932639021325,7.407115582615664
874,3.8704981509736593,12.424900905645291
875,4.285529876926185,-7.725143508078475
876,3.4201862217600367,-8.79258383293607
877,5.627771377356884,-5.759504786073491
878,5.638564923538552,-1.9662296903400858
879,5.436167103832949,3.564712377304697
880,6.499751195389158,-3.26192302869619
881,-5.679706237006538,-10.223408865207718
882,5.840271403232732,2.2745280347623176
883,-4.2991456555592205,-0.16634205070452024
884,5.993447752072599,3.4946741324998465
885,6.507706926074197,1.5433814158502546
886,6.426587462401638,0.7298659007186457
887,6.076397552182958,-0.6591788725781299
888,-0.7737947527888047,-0.44986650822552854
889,7.040082527285416,3.5337110044400597
890,6.381774718568957,6.446075892868817
891,0.7102413060117542,-1.6840342150288399
892,2.080714786164635,-2.4396621343499136
893,5.119694343740812,6.604402563793505
894,6.8688055432026776,6.392488279263
895,7.67868186747765,6.816195116015976
896,6.598985232221895,3.457513331332588
897,7.906940778501253,8.13452621843307
898,3.9924528469840723,7.041277626495665
899,7.782373120735819,9.121469820067498
900,-4.911626252214289,-3.324687923504648
901,-4.919436875808687,-4.962393692999548
902,2.8675326881781125,10.961482468442957
903,7.687947904291074,9.701500034904214
904,6.427877382993299,-0.5272140111614957
905,6.2209016025314465,1.894744283490588
906,5.6535822939794125,1.0993652914966114
907,6.8485677509054925,1.417284556876357
908,6.16542007938961,6.622634642795464
909,6.085142077603537,0.8217698650255753
910,6.562181094379666,0.5189110051814648
911,6.185862602473767,-2.8965295680279994
912,-6.201647982840134,-8.762625119382887
913,4.7694136516478,8.575918454832067
914,8.2589713969586,9.430154797496161
915,6.481485412579072,5.399568588332739
916,-6.7454793743078,-13.769524462231491
917,7.8833220092390315,9.225984681765816
918,7.439968606634449,11.277592612332585
919,7.647282709929868,10.639631801618673
920,1.9382996075112793,-3.599036031605019
921,7.558583954977954,7.817840342960184
922,6.652926036142352,8.435967748825696
923,7.294383724770208,7.989563853056436
924,6.966623249939918,3.8024535949879104
925,-6.352258385381345,-8.873834520232446
926,1.1680062088228518,-1.1383499415780667
927,5.907511509084904,-1.706475547449898
928,5.815088753524321,-0.8171991598852356
929,6.65394608839345,0.1150330452165637
930,5.768546115303397,-2.9959245706286866
931,5.856445381506343,-1.273928452030066
932,6.367590915602582,-2.1615253258247793
933,1.412369493665675,-2.8985608142393686
934,6.214002214145054,1.3631614522597215
935,5.521751913321584,3.22308405346166
936,6.858498934272753,1.8946160440926016
937,-4.074962819850444,-10.239083295125138
938,5.488627132036148,4.379253017624643
939,3.822838378742265,1.786111554127867
940,-0.6298513913338872,1.0510940397966526
941,6.758160473475399,0.4943607693649392
942,6.61653047723355,3.6137778628414168
943,5.316749101135963,-1.6587449341081772
944,7.822978641760051,7.943140067996824
945,-7.553128406680591,-13.314173460411723
946,-5.218569249475661,-12.339568529535866
947,-4.648664467979785,-12.380546659182821
948,-2.3522928706400483,-10.303659355493563
949,-5.134183953566599,-7.671433513320041
950,-3.933512228136842,4.48038513506555
951,-6.393595748491357,-7.767491997791856
952,-2.9302489903120907,-4.689335327337343
953,0.27019913958226827,0.16077870435468522
954,4.765287419388857,5.533205248681998
955,7.269235851818709,10.095675623783233
956,6.06002358320935,-0.9076122080602654
957,5.667993073920734,-8.368273442272786
958,6.540857139926187,-1.3436568206877346
959,4.092680185281196,-2.0298511159743953
960,6.495610553940256,-3.740484871240402
961,7.061677360190535,3.995119590959198
962,0.9379011668477059,-8.783259970307622
963,6.446802459956674,-2.3516277680921203
964,7.215342145918778,1.340044653284083
965,7.109789898148267,0.9024762774145494
966,6.967016825593752,3.1012642700299624
967,5.710607577383467,-1.8339896362301469
968,6.6281311267939715,-3.3215616935476504
969,5.588943735197335,1.869086037304644
970,6.6357344797531415,0.6937984235404671
971,6.708108256543021,0.1597754245539918
972,6.733208564123217,0.08989447053016626
973,5.692264122156826,-0.9533329205720039
974,-1.9508628753812558,-9.640826188759736
975,6.3378132643256775,-1.935481238724096
976,6.925849694180653,-0.6838724365935427
977,6.215314309328257,-1.0247358970563218
978,6.753060363225437,-2.134753310032452
979,6.184258097389774,-1.614135144744126
980,7.275511873789213,1.886678481140359
981,6.899400320496748,2.1817798964906503
982,4.4990618553028074,-7.947370057106209
983,6.033851565096734,-3.0789334599984097
984,5.68353431539764,0.4090997135336992
985,5.968682694289358,-7.7511025540687895
986,6.7038401003052,-0.5382452179446351
987,5.704699613183153,-8.153174310027204
988,4.845457168864872,-6.49927682875733
989,4.160385394961828,-6.361948098449057
990,6.306518492872573,-2.000457506023052
991,6.912514194298443,7.265353416247569
992,5.878121693682858,-1.8443742338767206
993,0.8966214652520896,-6.47100248787184
994,-1.412377815824771,-6.575314128611852
995,-1.205003787197834,-6.906957838167764
996,3.8300429469951145,-5.098780421969422
997,7.052783552722464,-2.0982313658410736
998,6.894082605022209,-5.909937318933556
999,6.351386371688674,-2.269222930948278
1000,6.840233482614042,-3.827172316477747
1001,6.626090215707469,-3.1329149694728695
1002,7.170579309543131,-1.1417031995382336
1003,6.880034148461466,-1.3609796510863565
1004,7.178824533384457,3.184666997624797
1005,7.522097220682217,2.8026911634731317
1006,7.6847877246705965,2.84668306288869
1007,5.509751094780264,-7.163585497975422
1008,6.483017168394136,-3.6147337019194423
1009,5.876718934618569,-6.652302587701584
1010,6.564925755269605,-3.0076282842504325
1011,5.833403502317359,-5.093173643807852
1012,6.756193240058472,-3.753769995797901
1013,5.88273372876291,-5.83989386290401
1014,6.2603606357648545,-2.0809476047475943
1015,5.4983086205081015,-3.3771310674921216
1016,7.202047670656714,-3.1074424381902284
1017,7.084377939972216,-5.172523913608083
1018,6.932554430020914,-4.141949871497129
1019,6.410220866332377,-4.100025651028262
1020,6.875732351650454,-1.8510649810712034
1021,6.207811000206946,-4.58749263716175
1022,7.431855872744,-0.8651383797501748
1023,6.901726860252132,-6.676924192492033
1024,5.962048982750462,-6.3404016451991385
1025,6.531629348643607,-4.8776875901518695
1026,6.647094302052142,-5.901051790511179
1027,6.340495865868593,-3.912385788390586
1028,6.604942651043139,-4.726266085646328
1029,4.94057355800404,11.75686956298125
1030,2.523193181406849,-5.256956935177658
1031,0.8488234054296341,7.710022397753996
1032,7.121264025498576,7.72258970487989
1033,5.328627101153334,-3.7429803630728116
1034,5.404915900034636,-7.12012493773648
1035,5.584393419483537,-6.989267027016184
1036,1.5227421094131006,8.046891858803976
1037,0.8894685902188397,6.637782587075771
1038,5.1776376174618965,-4.22855038229656
1039,6.066727238864397,-1.376601277788953
1040,6.437800933917509,4.0123644238492355
1041,4.034709187562434,0.04865962603361917
1042,5.76188965575936,0.7770550339153128
1043,5.507101542348432,-2.6938211527217755
1044,0.23314483343791487,7.2503283143757855
1045,3.6819163802380244,8.63119483266171
1046,-2.2131458432327444,9.21621968148227
1047,-1.098466152782434,-4.960451624662913
1048,-1.4472129862989167,-2.9095700407468867
1049,-2.680817868008237,-2.293866544980163
1050,-2.2138178528533734,-5.684228569558024
1051,-5.240803730273093,-7.063271426394991
1052,-2.8922693207216623,-5.313544062083781
1053,-5.71986288891433,-7.5766706720431225
1054,4.430778287877871,7.387440906877674
1055,-0.4697564833542657,-10.080565734862232
1056,-1.2953983899728319,-6.809410221550478
1057,5.163343114387823,-12.47365923969559
1058,-1.5711639475268546,-10.804502724541553
1059,5.822878629363858,-10.279483352703107
1060,4.608768370679316,-13.898077939409514
1061,-2.888559011693849,-9.168745575979214
1062,0.0063227334702342245,-15.317175184627517
1063,5.615109319069091,-9.093447807940203
1064,2.012825391062634,-11.86050187033254
1065,2.164622339667241,-10.036125360346842
1066,5.479045365441395,-10.601697143596503
1067,-2.8873790650209927,-10.323485995737855
1068,1.5274394071900912,-14.045033268941884
1069,5.321327813880286,-10.9303921645132
1070,1.5485963854397764,-5.256958533110564
1071,5.939276810555665,-11.402615351479929
1072,0.2753605030880587,-7.4779100922923005
1073,5.539160608627092,-0.038921187121045184
1074,3.291242810345639,-11.341896869139878
1075,1.9689608023928562,-6.9540328844724675
1076,-3.6858801160149994,-10.950246413137299
1077,5.389990029696634,-13.558186510641193
1078,4.008637286941456,-10.088066826252543
1079,3.113522167406864,-5.602148757505517
1080,4.53935545798422,-4.363399918164829
1081,5.320244366939128,-3.9936258734898766
1082,-1.5913056706231221,6.162941577788785
1083,1.6615125673232942,-0.33732252760162895
1084,5.283001564960048,-5.170652217001073
1085,3.035877440217054,-9.101201676395766
1086,2.187465453953108,5.74857105702592
1087,5.208535747315005,-0.571282541786021
1088,1.7351412661697998,5.721240137970179
1089,4.156833153099434,-1.6782016658198455
1090,1.0818191779244386,-6.26017666166833
1091,6.830196784022727,3.518417798405966
1092,5.886100116985508,1.0110959942972138
1093,2.416993671878134,6.749854062952383
1094,1.962813721304301,6.699545275355498
1095,4.899553991119957,-0.5983745006126587
1096,1.5203547241173463,5.195510340954709
1097,5.261212687162283,-5.554437053138829
1098,5.739019584343248,-0.6724802299612602
1099,3.705491825418534,-2.7842998175053175
1100,3.3747044966137483,-1.9516040068947582
1101,3.6644692248597983,-3.5728566645968134
1102,4.357566289046263,5.8343506319348535
1103,4.505950172727029,1.6035139093511759
1104,0.3612859859176479,3.2124080083111703
1105,7.836785217694294,-4.000442544888909
1106,1.9934237305862048,6.60798288247925
1107,1.9109784500383875,5.871002904813041
1108,6.374824848505872,4.0033131963695
1109,0.4025997389792271,-10.26826256895175
1110,2.0493993849640253,6.201898889567126
1111,3.973099972940358,3.791126469758867
1112,5.792666492528064,4.748876024065731
1113,4.8437357185116685,-2.2548804102447466
1114,6.452127197777768,0.8660814757340264
1115,6.827331486771762,-3.7711629831518403
1116,-0.11580345621229274,2.744964447988579
1117,1.5436362002544515,-12.29099762000514
1118,6.099338306216109,4.7532190751519705
1119,5.255964438759403,3.9427324049658763
1120,0.10906578244944064,2.5292730196440147
1121,2.5472969635882983,5.707154027747954
1122,0.18917365953146573,-6.245072743795766
1123,1.6942648685257335,6.932544947859012
1124,2.4480735077270044,6.05695154521311
1125,6.106372274374746,3.767478053309006
1126,-1.7547971229167079,-6.062481819324035
1127,1.3740924550016897,6.549648905859269
1128,3.2525140171575653,7.283428451690714
1129,5.976156609822546,6.40691427210808
1130,3.937093377101251,7.710000305954387
1131,2.7499552504602396,7.837607521170394
1132,0.3720545262038638,2.591840154672486
1133,6.7224958107444515,12.320812766509867
1134,4.779863690791841,4.145145975283438
1135,5.500743951100068,11.141447412878748
1136,5.297044811828939,9.215272863091519
1137,-0.7612144358247721,-12.002357467262904
1138,3.82181174946911,2.735435224973057
1139,0.23856985749742893,-4.485199365152871
1140,-0.19920448697610676,-3.752501548437958
1141,-0.06812326367365683,-4.277378214312568
1142,-0.8074945436327208,-3.428917058082966
1143,0.49102456781143106,-4.233504960363951
1144,0.3012607314691742,-4.421368166366023
1145,0.6601634992307595,-7.360912733513368
1146,-0.7125678033646405,-8.934887160504813
1147,0.2749304189822165,-8.225646903881755
1148,0.2998686528533126,-5.913138513015312
1149,5.558910722863905,-8.491571737736159
1150,4.543955077708772,-8.344226847118026
1151,4.22673751919687,-8.611835064284257
1152,2.4360552412744587,-6.3475699706159325
1153,4.562765906747437,-7.525666292338373
1154,0.7299839773163199,-5.116529385999087
1155,-2.2223123932819075,-8.222087601989024
1156,-1.0919811999433782,-4.8264989200919315
1157,-0.7675689324062646,-5.91559827622382
1158,-6.736047083699612,-5.495236639515025
1159,-3.24674593816196,-8.48514923657111
1160,-1.3351602594527157,-3.5210658076718664
1161,-1.7992601154268253,-11.620049368575817
1162,0.5192405393955902,-7.065669795075589
1163,-2.6493445585131448,-2.707153404690285
1164,6.895671400002383,3.9660010220886113
1165,-1.3080022140011565,-4.8320347797177385
1166,-1.3419396978539266,-2.383751032309309
1167,-1.078814413340016,-7.121299300579739
1168,-1.186502287227476,-7.737593199622133
1169,-3.0261967220276706,-9.17666136088808
1170,-2.0727217579777957,-8.516413736154002
1171,-2.6633963455504377,-8.693610360333965
1172,5.764611728732137,-5.654349929953616
1173,6.342356206124975,0.6342602186578591
1174,0.5054261323041805,-9.77708239954566
1175,-0.4981236658503299,-3.848220202303212
1176,-1.0796954994616954,-0.36510338331711023
1177,-7.257993067754182,-7.598182577315945
1178,-1.0185553408323018,-0.2280776603235262
1179,4.535747341424777,-3.6964063064011636
1180,5.929805652260097,-3.5558822975153044
1181,7.798930406008957,-1.922846834661132
1182,5.901702587694388,1.1923957579947198
1183,7.790631246067069,-5.345479505291911
1184,7.397241780319688,0.11522196281492254
1185,5.973373763564134,-0.08712854665299255
1186,7.786055522555772,0.17590430960447972
1187,2.1885324785175055,-2.784682794674
1188,7.802748780164676,0.10245102395062058
1189,8.372386795393554,-0.5928840132880027
1190,7.2110302197497855,-1.0937177443595971
1191,5.116447633125063,-1.4759758470819537
1192,7.618710137738065,-3.3049602967847536
1193,7.162530283217263,-3.2799730356740846
1194,7.137410768757506,-3.150278945487041
1195,6.705837422507619,-5.191104203882537
1196,7.546432909919036,-3.523972537103794
1197,8.318995886796083,-1.8729744080057065
1198,8.053556727455064,-2.5326286185676556
1199,8.233373883195897,-4.419744641412051
1200,7.653417858009545,-2.818220242292487
1201,8.251757758751753,-2.5598863829307783
1202,5.7322492054889285,-4.783650190433661
1203,8.128653220957329,-2.31889362391724
1204,8.140022637847654,-2.1369626708646208
1205,7.846049848936665,-0.28751917898379514
1206,7.4404213304120885,0.07775585822725456
1207,4.544476404253375,-0.07042433662226114
1208,6.152379321143942,-1.6863191253322607
1209,4.460418142538321,-2.040316183750151
1210,6.385969814669692,-1.08598510801865
1211,4.110575135510186,-1.5341535012967846
1212,3.7571884804602917,-1.0374092269265205
1213,3.1244077180737735,-2.2649125474246663
1214,2.7366916296857955,-2.327321010354114
1215,8.065512438505085,-4.962504194182759
1216,5.961944333465327,3.499260506837275
1217,-2.251609028572624,-7.609336478124035
1218,7.020835366513629,-8.6312057487657
1219,7.132523887355773,-1.6838197611213166
1220,6.968188306867383,-0.2910971458217888
1221,2.16720737018033,8.322792220039382
1222,7.049728374793342,-0.4936841648211963
1223,4.35338982138844,-8.131156379316876
1224,5.414487805986141,-1.8537060970485566
1225,3.438661877888364,1.3039940483206458
1226,1.44074680520666,-11.278235714996136
1227,6.735485735658339,0.8832522660422358
1228,3.801089736798997,-1.2838220285932134
1229,-0.9776804498851344,-1.6363031459900297
1230,-0.27402011928699965,-5.926486767599734
1231,-0.11588198661104732,-4.002280137101115
1232,2.967830896199465,-7.779707634074715
1233,-2.1817420137921233,-7.8178993743622645
1234,-3.073689134912186,-12.531203291496894
1235,5.20334132722683,-9.661579255992296
1236,-0.0683276717520154,-12.474324775006638
1237,-1.198902258246471,-13.610373762198952
1238,0.5933193534275877,-9.979340508186896
1239,0.6644559016481499,-12.764843537319503
1240,4.536224857155145,-12.078191480584875
1241,4.810714289131354,-8.39382385908091
1242,-2.374850587663416,-12.417332775026598
1243,-2.8311083740861784,-1.9183872102748925
1244,-0.10619718748179711,0.06951258776878769
1245,-0.6477884610012135,-7.699351633345325
1246,-0.17406710261113825,-9.146264265536068
1247,0.617300508883773,-8.450753203824831
1248,0.491765401501806,-8.37015162930787
1249,-5.065617377576011,-11.838480084178363
1250,1.2649412290471922,0.14616006519415867
1251,-3.3421945896476783,-0.27934401797899533
1252,1.892841952704715,1.5604852008791836
1253,-3.2422272470197067,-0.0232136311962528
1254,-3.726090980059535,-14.381703468292077
1255,-0.6201303593343439,-10.8026661803544
1256,-2.642227549327664,-12.538365991127812
1257,0.697144119997023,5.046048861947844
1258,-3.84826070226495,-11.315858551323922
1259,-2.2617399180529696,-4.170462455612187
1260,-3.1694228464286422,-0.8905495272984271
1261,-0.15838317066289304,-2.5649448573655143
1262,1.1143399677291104,-11.171089438000193
1263,0.19068566368070677,-11.885039859754729
1264,-0.5914851264810203,-11.529348490357766
1265,-2.369933274007859,-9.832109114988564
1266,-0.2752835943384609,-12.535521601870713
1267,2.295761254900179,-4.845949095613312
1268,0.17071958177466817,-11.45730300032607
1269,1.5829359353518695,-0.6397171866127326
1270,0.019230461207977827,-8.178692060502947
1271,0.3379971142706379,-0.5859678842495117
1272,0.6364235942629051,-1.3672173951389917
1273,1.2992657321802787,9.860275841192575
1274,-0.5980534381406978,-1.0873270335009024
1275,5.718549794229015,-2.312693121241547
1276,0.7336901995646136,-2.4508828248978687
1277,-1.9928772739966327,-0.6105671457878794
1278,6.289773460951322,-6.404237974479811
1279,-1.0294089804764264,1.0068322539313872
1280,-2.729474711771191,-7.311881073494335
1281,-2.086862681706669,-7.1169725343408885
1282,-0.6819874498792179,-8.601779969419646
1283,1.5350391642293277,4.476236347347695
1284,-2.607527069802108,-6.359391223419451
1285,-1.7436016671651986,-9.060206328476319
1286,-0.8554843903084833,6.832526432683381
1287,-0.3624319325071562,-4.817203903865595
1288,-1.6042850870851424,-12.891216978526815
1289,-0.6179883862696941,4.443494958803845
1290,-1.3945040070135106,-5.462875238703004
1291,0.9059751394242466,-5.717110494957928
1292,-0.6087422557553474,-2.446959601485722
1293,0.2581543783738659,-4.620336202901785
1294,2.1160606879998767,-7.148309464488583
1295,-5.154126227025094,-13.905044401585261
1296,-4.626337699645811,-14.162778901816266
1297,-4.642203708094353,-3.343657312657946
1298,-1.4403197536121186,-10.332528283827722
1299,-4.816344099893293,-11.700138459222051
1300,-0.48288242932519654,-6.660130644042247
1301,-1.858666474985015,-9.671609839504585
1302,-3.302895218422404,-14.056698049688682
1303,0.6484259435845792,-2.0997418356308457
1304,-3.389992043649258,-7.450717749685104
1305,-2.2012863157252527,-8.459505011364307
1306,-3.072923904791312,-15.319597464514485
1307,-3.49651793141311,-13.272243734871598
1308,-4.247917057118671,-15.817821723839266
1309,-3.328665180483318,-11.975159894701045
1310,0.7131835717775672,-0.95222575033463
1311,-3.7115026684170114,-12.83679363121782
1312,-3.3091680609962344,-14.490676925883609
1313,6.943172824347205,-0.41892706794886014
1314,-1.5372057352340194,-7.375445679161838
1315,-3.1177764451701,-11.320877414200124
1316,-0.24392301737318012,10.31423179244113
1317,-0.040988896726997064,-5.7035335587634854
1318,-3.3810491244823426,-13.088207679435824
1319,-0.013463180064390005,-5.468579892325666
1320,-2.2210625376938795,-14.554427269038356
1321,-0.995073969569068,-13.3825957446213
1322,-2.8651973952107515,-10.664890252241884
1323,-3.29038028665151,-11.127492605176762
1324,-0.896729510800356,-11.702106079142192
1325,0.2721548163593641,-4.784524257541886
1326,5.885039905958818,-10.927953935905082
1327,-2.7740806901124437,-13.804526690008199
1328,4.867414847433994,8.921500888276942
1329,1.7509388930521401,-3.9127033360655568
1330,1.7287101260266746,-3.0843331821779234
1331,2.1412429604843224,-4.818399198793783
1332,1.5206332348183127,-4.770882894106458
1333,-0.46383202327377704,-9.333078749191671
1334,-0.9030405721743591,-8.248323968137807
1335,2.6255101972628534,-3.237513990743913
1336,2.1325667213880783,-4.579149289971383
1337,-1.2112771626963472,-8.690820284340095
1338,-1.4910990343257737,-10.345240628649393
1339,0.09633990051304908,-10.122150980970137
1340,4.159852439768979,9.601705973773296
1341,2.1647044498728993,3.8537055212494895
1342,0.7421700915924911,8.931596627353683
1343,0.04834552387929748,8.61892140379729
1344,0.9479542763457502,9.354545877664947
1345,0.3399941310569583,9.33174565384009
1346,0.6499071512976543,8.11684089528055
1347,-0.5328826548879785,-4.4843938978745195
1348,-3.6260234916424374,-1.6614535532655144
1349,-0.2588293710261507,-3.907725583188772
1350,0.16527053702287106,-3.2667470044518985
1351,-0.5311740888975006,-5.405449062073836
1352,-0.15357914755222535,-5.693872174600067
1353,-0.01786334127993075,-6.802753382680546
1354,-0.121698072134664,-6.029491945591205
1355,2.2928640606795443,3.8600126166097395
1356,-2.7663556347631237,-1.7806687615131764
1357,-3.1115316601051743,-0.8490055440995365
1358,-1.1770125711624195,-0.6159042961492971
1359,0.4385845657374393,-0.03767574508343977
1360,-2.2381862916787867,-9.137661109444284
1361,0.5638134282556437,-0.6980766562469136
1362,0.3616324981002086,1.2678362337807303
1363,1.3214124632032367,1.0198610156549042
1364,0.6392011837488378,-1.9635178596672298
1365,0.43538856251218716,7.615691210487064
1366,0.9373139621554663,4.88060314301089
1367,0.6552520211559734,-0.7294705138210772
1368,1.203607078856892,2.3601443030526497
1369,1.3001138606885048,3.5122472303591135
1370,1.1353977815025469,1.8508105578872507
1371,1.8877069890397353,-3.5955696063632336
1372,1.6351410627856227,-3.655709889966496
1373,1.983285874565765,-0.4835219337194294
1374,-1.005414924486424,-7.7870841712555485
1375,1.4360769320169484,-2.602572252123592
1376,1.350128814961499,-3.8689047647532595
1377,-2.1668425607825137,-6.11312726507811
1378,-1.3126718920305531,-4.886885301144037
1379,1.1104433149893134,-2.977385177834733
1380,0.8260407762615184,-5.901883812614286
1381,1.77040932543662,-0.7481829997709873
1382,0.8169203590631197,-5.674457567696176
1383,0.1584641821597988,-2.5464820044448864
1384,0.5522528975264414,-5.691475199455447
1385,0.34664167036236165,-4.565438299071877
1386,-0.6241079812194025,-4.761032686024137
1387,-1.0204751174456046,-3.2138276020940237
1388,-0.8106891804010685,-5.226937302915076
1389,0.9485929856148233,0.19683666330593338
1390,0.2558757641235003,5.540337798500023
1391,-2.2054315034122545,-7.947766185405596
1392,-1.4963370126980349,0.8246651700952283
1393,-0.12044502077625648,4.553618129217414
1394,3.41745280612674,1.318451023044823
1395,2.358654338266352,-4.046087429462233
1396,3.0961831318708355,4.244136504992325
1397,0.28738301092086305,-7.766827096811332
1398,3.8840700530998484,5.7870504646689005
1399,1.828601992103255,1.2968018729451114
1400,1.9258444755192516,7.507921931587526
1401,1.3883612898211748,-4.057869545130838
1402,2.309466925227183,3.4379269722149792
1403,0.401670380046159,-5.217399657007561
1404,-1.1210918958767324,-5.165875913159897
1405,1.5411963655345935,4.548037268922401
1406,0.8986010040616397,-0.8974696887941989
1407,0.1849285740054111,-3.8576586991678754
1408,-1.2494254513820644,-3.002371674929145
1409,-2.0672201226017006,-1.8748167986687545
1410,-2.6971358818472053,-5.003141248646473
1411,-0.6814211861857218,2.064991132560201
1412,-1.5178756620582121,2.2056922506827004
1413,-1.4213622529165508,2.858096449942457
1414,-1.3778980490960502,4.121438248129446
1415,-1.3635765360783008,3.3824225851391576
1416,-1.4825894533830546,3.8334732430817513
1417,-1.2082110671734119,3.2751715849453786
1418,-1.6346594293597956,5.210273313667975
1419,-1.3214347609576667,4.871395463103866
1420,-1.704621830075598,5.44352597570284
1421,-1.0563504194728202,3.514017329516257
1422,-1.334907975924304,3.1766490973439394
1423,-1.3238269174812056,4.832973475659209
1424,-1.302602234147494,4.474795327512177
1425,-0.5597251943991537,3.1280482277156354
1426,-0.4272650646255551,3.5775881088784214
1427,-0.25047246900721515,7.477452342611956
1428,-0.8227570722445362,5.342379909630849
1429,-1.6898896933854937,8.309995251529719
1430,-2.0609724666403046,8.204532760765954
1431,-1.833234481125833,8.18038631612388
1432,-1.763205840501481,7.4888096719436215
1433,-0.9862717648912782,4.480799318233142
1434,-1.0395759085976355,4.621422085736141
1435,-1.7254509654552839,7.760168426814652
1436,-1.8356811616434083,8.692392121218278
1437,-1.296795559961599,7.9522728558267595
1438,-1.7973889194939296,7.633206360541475
1439,-2.032694034135431,9.51043099782234
1440,-0.9760641414729009,6.3257379941085095
1441,-2.031297663824125,9.461800090386308
1442,-1.1482095229639344,9.944611327053853
1443,-0.614554114547962,4.81104295771127
1444,-1.7822039300729353,8.764172732119947
1445,-1.5784786551029235,7.16036820113221
1446,-1.1294779378231605,7.303708492716055
1447,-3.3794495326906526,8.533902824161808
1448,-1.2836854799930972,6.532796784243834
1449,-2.348720979088052,8.52684997712746
1450,-3.710935700244538,7.2016900567332325
1451,0.4900407823102167,4.383467779355954
1452,-1.751671572735486,3.499034769951347
1453,-0.1691984040825482,4.203761036351315
1454,-2.2888878273961093,4.642596459813486
1455,-1.8828884833760762,7.651135862168944
1456,0.8392040540089782,5.35970063703776
1457,-1.4572433458783507,6.838212301169672
1458,-1.8544990052212431,6.314967622715018
1459,-1.8924842310608199,5.479847129985861
1460,-3.3589551023124793,4.52131742330192
1461,-1.40949053494896,3.7687485250551567
1462,-0.883443388209733,3.6928844642217884
1463,1.1917312887053295,1.868805331658606
1464,-1.870092726772488,4.606269636706066
1465,0.6754091745363633,2.3558966500814726
1466,-1.8556218117251742,0.39484835413089375
1467,1.3211475353221944,2.9332831529157257
1468,-1.2755187593400572,3.063866563634158
1469,-1.1846185576720316,2.932580244313182
1470,1.2025943310418608,-0.5593211642301126
1471,2.410407451651215,0.010590001535608358
1472,-1.8434377906502517,2.0272222295033786
1473,-1.0460344052470487,3.0870927625445264
1474,0.11039575313558893,2.4363256598515615
1475,-0.5269453655902577,2.5880469504981605
1476,2.2118666326418555,-0.5959184643317382
1477,0.30291799503676703,1.7204310067275932
1478,3.293941803148297,0.6525054443095203
1479,1.1374205959383448,1.6410719442288844
1480,0.2014310677735219,0.5505134166244023
1481,3.4016022512593502,-4.147359892686354
1482,-0.4382282628525036,3.470259330061049
1483,2.8548816448443537,-0.8259132452213309
1484,-0.18091370175066995,-0.08473005689271354
1485,-0.09990545766705483,1.8700230366479886
1486,0.29151140948597976,-0.049602479087759214
1487,0.18589278028516454,3.33682915927751
1488,3.0075745767851503,-2.8804497370607303
1489,-0.6181866035840284,-0.7301532259562915
1490,-0.4708287591695812,0.27427963873596534
1491,0.4134062385570224,2.6441087339223195
1492,0.21582669600912177,-0.09321004005975685
1493,0.2190320077942113,1.3595732568027452
1494,3.1443328891615283,-3.6079999067936432
1495,-0.13620197534307396,-2.7465509083615065
1496,0.2846938065999648,-1.9878320049576224
1497,0.2655835203923811,-7.836781281694817
1498,0.9361879733820425,1.70096122599595
1499,1.4114623876187746,-2.939192683801778
1500,2.2165410026092482,-6.103096523953947
1501,1.1245388947264008,-5.935248446260545
1502,0.6378277212385141,0.3657469437382248
1503,1.6241890170456101,-5.894617496448786
1504,1.1261120758226961,-1.6426834195480873
1505,0.8651118440854262,-3.333000095334497
1506,1.5684925407566714,-5.673810781223841
1507,2.4289229552346665,-4.441455185221691
1508,2.235156685343053,-5.911448291817314
1509,-0.058579858921161965,-5.488883985423975
1510,1.3517959367906272,-4.161212369939462
1511,-0.9345590257819018,-7.359679386582252
1512,2.0619188647897797,-8.879645930058917
1513,2.135716225401966,-7.415501218976392
1514,1.2652046116679636,-3.506004174266897
1515,1.5344344428551098,-4.490921257924064
1516,1.2748482973459296,-7.325403671611372
1517,1.4000411979133482,-3.575891029377222
1518,1.6985803731167557,-2.944138719736277
1519,1.4268321657455334,-8.251791630880078
1520,0.17053445045393706,2.8542112497553216
1521,0.7963674445107308,1.1227014135737545
1522,-0.8702630625473924,0.05790632414434535
1523,-1.2664041463633473,1.9608818944437771
1524,-1.1953219240397341,4.203934107792503
1525,-0.9278680745898177,2.59678573111161
1526,-1.3901767515837777,4.5935836700603865
1527,-0.6084834316470843,5.703458099165166
1528,-0.3702797175339383,5.971341627663208
1529,2.2194301756702526,-6.960617184087576
1530,-0.6938104819226455,-3.53204328236265
1531,-0.30448210966172995,-5.379411845441146
1532,0.057476175523167417,-3.5083529610644173
1533,-0.8587003369516666,-5.642053818437444
1534,-4.139136451660203,-13.41941371895679
1535,-4.42874580635754,-13.036793689005023
1536,-3.918998345901689,-12.037545954059704
1537,-4.935324034543447,-13.633812473929488
1538,-4.674507974776993,-13.668907920067083
1539,0.4999072698210417,-11.32487974592301
1540,2.8306551256450763,7.518150379792274
1541,0.7189022704943225,7.66289073054762
1542,1.5906459379895344,7.3986792781243516
1543,2.9899765458911958,6.718810543241041
1544,1.925521232213294,7.734633665760214
1545,-2.827521099284473,-3.170868820509762
1546,3.490977229812751,15.925431755566725
1547,3.341067422125822,1.4605939634365879
1548,0.13479607896744492,-13.45130666576682
1549,2.8803795498492843,-10.9945792784078
1550,3.8860199742831076,-3.3858573380155557
1551,3.540374423505665,-15.596495034979453
1552,4.37313588893388,7.199263709996469
1553,2.4792793113883183,-1.9533587272000987
1554,1.8032384485953297,-12.817765624180595
1555,3.7174476489578234,-3.6571392789822466
1556,1.1609529644129748,-11.162052552259713
1557,-0.804041144178361,-9.622720287671713
1558,-3.8901719271880584,-7.434006198543274
1559,-3.03542391653649,-7.851403068962286
1560,-5.097037966260752,-5.413310242625381
1561,-4.2768964297328935,-8.493119634649595
1562,-3.6572244276853274,-6.291012851332985
1563,-5.115535578845482,-9.605088299576668
1564,6.571970942343095,5.98809039326678
1565,2.0206210209476394,-10.39257649514063
1566,5.560336165805018,0.6415746771306311
1567,2.268784639474039,-4.267793377582698
1568,7.250194651350103,0.8356502106377495
1569,7.135175780457173,1.8929946673332636
1570,-2.8496594687989747,-5.137900885266271
1571,-1.7410955889644644,-6.77137370081353
1572,5.068424150150186,4.220230763619375
1573,6.217509715401246,5.6535960611504965
1574,5.086021076860225,5.2330171946446535
1575,-5.629157139568434,-10.39699373673166
1576,-0.9897722111652117,-1.3007641536465402
1577,1.766632021758788,-3.121371543169812
1578,5.276418245231247,-3.899934367316972
1579,3.962783073490982,-1.8753040319453311
1580,5.239505619288504,3.5507142102531
1581,2.563727265963397,5.79696324418101
1582,1.6717234452851835,-8.477331818994086
1583,-0.4604772802917911,-8.376802345437055
1584,-0.7314008918938583,-8.509036121540522
1585,2.0734518902598738,-8.501852764000992
1586,-1.2562993565164993,-7.04283243054321
1587,0.7883778638708634,-5.111286607541309
1588,4.3952811399892795,-1.8920863036213893
1589,4.944516835405745,-0.5058279224460532
1590,2.4446339180721983,10.873738636020684
1591,3.013572346289977,-1.040779485269453
1592,3.280253419736234,-1.043508976710498
1593,-0.7207996974865547,-10.967315539474379
1594,-0.2778877818037061,-2.4923971875956425
1595,1.6770656798864019,1.1368599319754815
1596,-0.10726074286912865,-0.7650083441578964
1597,-0.8030496058006306,-3.4895498379940415
1598,-2.1030604735781857,-1.7988261165094923
1599,-2.9067921466932107,-2.210233917522579
1600,-2.6628955084790973,-13.193029634280634
1601,-6.430143990023348,-7.709757626607986
1602,-3.9320433880880867,-2.9279516826900727
1603,-1.979778016007587,5.6758203255803945
1604,-6.956375431879727,-7.960581326104667
1605,1.5859141071250897,0.8944074627364862
1606,-1.550712102413438,6.862476341311038
1607,4.337898633026294,0.4224557055046063
1608,6.06968465775731,12.229947347116498
1609,-1.998537462822361,-6.291660528872201
1610,6.750447294492212,10.160317278658493
1611,0.6079265019679658,-6.703713345879529
1612,-5.422969126694383,-7.471117333356685
1613,0.9667435798155466,5.190973615515438
1614,1.1485338035972346,3.1155711159551487
1615,-4.050966030132567,-8.814049201978351
1616,4.482640282773526,-3.7643816982854448
1617,2.8845555975647676,-3.04688069816532
1618,0.06677591046949907,-6.296779232394695
1619,2.2886660026028016,7.6627417666909725
1620,3.2270268115407124,-3.605623656377562
1621,3.545811472578272,-3.8534238344489795
1622,3.327027683226053,-3.412898498357431
1623,-0.14343025083041194,-6.972181555207797
1624,-3.904646892665745,-1.5587249110846768
1625,4.1068929978865825,-7.226313976114329
1626,2.3004965483964503,3.1555030562655038
1627,2.9434928142881476,-6.8065560661909705
1628,2.0860838900679615,6.098422546470535
1629,2.698824830479337,-5.128650478607506
1630,-3.909633823509408,-10.469993603760685
1631,-5.096149918469296,-7.4371580092932374
1632,-4.812610070258754,-9.038790251337428
1633,4.117717175013955,7.288107603259005
1634,6.167887592400074,11.404504711802211
1635,6.20304174777469,10.54854942939874
1636,4.598895367235405,7.244028808683299
1637,3.448878453197179,-1.367174597111864
1638,3.986712751181379,-0.3534797606619711
1639,4.45479903053124,8.417931318603907
1640,4.92541270847944,10.219563453481566
1641,-3.4636009490878394,-12.87982052229485
1642,1.2480146583449505,2.6577301007366954
1643,4.055445751182811,10.74351471696027
1644,-0.020094813600280752,0.05280097007080189
1645,5.329920807817503,9.284791812945928
1646,2.994814242891988,-4.2604564320934895
1647,-2.65756300488438,4.672751639307748
1648,-0.6213940778670689,6.086046385492101
1649,-2.41320807894179,-6.960230802587487
1650,-2.889244898777666,-10.24501881391861
1651,-4.028649339243045,-9.324889138461355
1652,-3.0388583207457183,-10.750446089295597
1653,-2.234883021290932,-10.1219170636906
1654,-3.9041404123690286,-10.667629143957173
1655,1.606488619763716,-8.86333690519607
1656,1.8579744192897125,-10.070200554527817
1657,0.7848438228927119,-12.178403029722604
1658,-7.878416633664103,-13.737907290023188
1659,0.28819030644864385,-9.440470911820746
1660,-1.9927937587801159,-13.204404115668538
1661,5.821039274862896,16.035278441199694
1662,-3.844170942851242,-2.715447511597493
1663,-1.6160248892008953,-9.074737325384673
1664,1.4287214696844583,0.8730664331501287
1665,7.835454584518432,14.857977370841777
1666,1.7791648882288935,5.566022059722029
1667,0.4153017034646268,8.368276693148575
1668,-3.16441662267943,-10.219888128697049
1669,-1.9206564264715857,-8.729489944370203
1670,2.6755363222897217,4.713746616831076
1671,-4.097752227612174,-9.757844859920247
1672,-4.322490869332559,-9.35661242853293
1673,-4.807010876944413,-9.072491666782005
1674,-5.3866781142509135,-8.030628269311322
1675,-4.2475160986926985,-2.0184752696984063
1676,-3.7841629427535137,-5.94150690343353
1677,-6.676890091869407,-15.781197637105405
1678,-5.711286100366227,-17.975751339655083
1679,-3.938527993091713,-13.953016739287854
1680,-6.733683418470751,-17.76765622314219
1681,2.4916117884727647,-8.617284526790183
1682,2.3838314607279654,-11.211990907468994
1683,2.624415801522784,-12.401012010297991
1684,1.9964072251415637,-10.609652155777862
1685,-1.7332828765661326,-12.729025668063297
1686,-3.8602510039782945,-13.77480596506704
1687,0.27665816451968006,-9.0811735988855
1688,3.111440707745048,-9.19884832338185
1689,1.0803826770147442,-7.0594952091053464
1690,0.9894693948630762,-6.176461936709676
1691,2.5841991779600506,-8.538668652466328
1692,1.4777629722763854,-6.964276125507279
1693,3.111440707745048,-9.19884832338185
1694,1.910674397426709,3.6101491627412887
1695,5.568632111673487,-8.50407077455298
1696,5.417861290943446,-8.398534401361033
1697,2.7257294500910376,-5.938747012612863
1698,3.957000100355187,-7.2282928528977894
1699,3.6305429877200823,-4.11886724615646
1700,3.6427450663062784,-8.765173875808184
1701,3.122947711266977,-4.150291608638048
1702,-3.8270504377178733,-11.88453861293017
1703,-5.07923824092958,-11.39237896420614
1704,3.6972192124409866,-7.055453279056839
1705,4.823065879152517,-8.994628689250911
1706,2.7360216774466877,-7.076780274344214
1707,-0.34375827661959085,-3.853683055794702
1708,6.261829901044965,-11.573240632973299
1709,3.3824956003257407,-9.482376657446254
1710,2.883750611858069,-9.582566629831273
1711,2.3800644200861094,-8.329611971955007
1712,3.9681610958891707,-10.92835057292986
1713,3.9729826776226624,-10.023343313170763
1714,2.7107265502804907,-11.923354323080918
1715,-1.1708349512092822,-3.2911086633791657
1716,-2.024079561455638,6.613899656459765
1717,0.13838588960209006,-6.184833237203579
1718,-1.4224324249012348,-8.032199506906172
1719,-1.7150130581067748,-8.417961423713763
1720,0.18311901998452754,-11.401102681530741
1721,-0.6808416971190773,-12.870805506043796
1722,-5.526611172506877,-9.857969842950013
1723,-0.971948602740732,-2.9417502844786716
1724,-0.3870447300580086,-5.450678358940451
1725,0.14898585133609368,-4.636433951234951
1726,-1.4180254951028939,-4.165916784963529
