rat_ID,OGTT glucAUC,Urocanic acid,Uridine,Uric acid,Tyrosine,Tryptophan,Trigonelline,Indole-3-acrylic acid,Threonine,Threonic acid,Taurine,Stachydrine,Serine,Ribose,Quinic acid,Pseudouridine,Proline,Pipecolic acid,Phenylalanine,Phenylacetylglycine,Ornithine,Nicotinamide 1-oxide,Nicotinamide,"N6,N6,N6-Trimethyllysine","N3,N4-Dimethylarginine",N-Methyl-2-pyrrolidone,N-Isovalerylglycine,N-Acetylornithine,N-Acetylneuraminic acid,N-Acetylaspartic acid,Methylhistidine,Methylaminopyrimidine,Leucine,Lactic Acid,Isoleucine,Hydroxycinnamic acid,Hydrocinnamic acid,Histidine,Hippuric acid,Guanidinosuccinic acid,Glyceric acid,Glutamine,Glutamic acid,Glucose,Gluconic acid,Ethylglucuronide,Ergothioneine,Cytidine,Creatinine,Creatine,Citramalic acid,Choline,Carnitine,Betaine,Glucopyranuronic acid,Beta alanine,Asparagine,Ascorbic acid sulfate,Arginine,Anserine,Anhydrohexose,alpha-Glycerylphosphorylcholine,Alanine,Adenosine 5'-monophosphate,Acrylic acid,Acetyl-beta-methylcholine,8-Hydroxyquinoline,"5,5-Dimethylhydantoin",4-Oxoproline,4-Hydroxybutyric acid,4-Hydroxybenzaldehyde,4-Guanidinobutyric acid,3-Methylhistidine,Indoxyl sulfate,3-Hydroxybutyric acid,2-Naphthalenesulfonic acid,2-Mercaptoethanol
1091_8_FBG,317.6666667,19017954.19,31041178.67,192264008.6,8776986.865,6296060.89,3338523.671,6766759.588,5136893.816,2868605.459,11116910.55,21845559.35,22143023.49,559024.9323,423733.298,1465933.776,15888186.54,16101258.32,15482683.56,606547.5467,10270360.66,3612687.869,7807781.383,844836.8125,1774209.84,47675576.15,1012686.271,694836.0267,3182692.775,2620780.098,1653137.571,3011586.664,11133282.06,143849172.5,9063054.478,2045881.236,5292265.935,16575594.53,266793.9856,2035617.354,11021158.96,275382609.4,3506002.078,28779940.24,2361236.758,853558.2589,671792.5067,8750146.172,19630473.14,82875733.46,1732218.073,35754333.1,18349913.6,246747651,1732218.073,4456357.077,4636616.03,4105762.972,5976285.918,1179185.167,8402487.568,60330460.56,20345896.28,1532901.306,10210153.52,3213273.304,336557.318,23995570.41,21431288.83,9935010.483,604782.5104,415171.2078,1747375.167,1490747.657,70247443.72,5394008.854,60932610.32
1091_10_FBG,317.6666667,12566499.9,27506125.36,150317027.5,9197110.304,6842137.116,4546626.269,6769321.116,3578884.959,2893118.85,6996678.343,26876469.82,16040034.92,859746.3234,459047.1213,1571241.506,12885603.33,16469249.74,14763756.6,778927.301,10369917.18,3615984.456,3901875.424,1155206.441,2326371.77,39012594.82,1108090.109,675390.1733,2404081.046,2405842.297,1939523.768,7704422.119,10964946.84,138378491.4,6558883.289,1984446.238,3132811.057,31851334.88,226501.1948,2649944.125,15186316.38,267939561,2558569.462,26575811.26,2334195.402,748324.8397,1128379.106,5095755.967,20930777.48,75499127.45,2146474.935,26017683.11,22218857.57,203026422.2,2146474.935,3897420.308,4409321.673,5621846.137,17955593.38,1223219.904,7664207.809,35526120.4,16886802.21,634051.3287,9973354.389,3965113.75,119782.4006,22345803.45,16845215.31,10187741.09,642528.0624,289691.0676,1506346.491,1735679.583,91690869.47,3918301.215,52848787.13
1093_8_FBG,417.625,12267489.17,26275629.33,177804706.2,9233758.261,6508144.965,4619307.201,6653761.655,5298706.841,2210036.677,12931653.7,24361966.61,17575215.65,756911.3048,458539.705,1549615.787,14010409.04,17933625.54,14434202.58,806456.6698,11465627.91,5021533.187,5967951.773,1245520.351,2285318.395,43909620.17,587103.3354,987648.9415,3790253.777,3029672.848,2040312.341,7518277.327,11207177.13,153415771.3,7748684.149,2036606.359,4632434.352,17257252.57,538100.3047,2285551.837,11264074.07,284216905.3,4042094.835,31558975.23,1761937.349,106500.8208,910268.3685,6119327.106,19951305.71,92305602.1,2013003.985,26463532.2,25353032.62,256928938.3,2013003.985,3139760.346,5558814.014,5110469.238,3974767.865,1627835.895,9302674.298,48307258.42,18693327.42,1480201.776,10912091.75,6429771.432,205246.7077,25028781.13,15720992.53,11824511.13,670007.7153,331040.713,1939265.429,4081237.444,91463739.18,4075409.249,52031372.58
1093_9_FBG,417.625,5415968.61,24170186.8,139111579.2,9494576.177,6179363.357,5808179.122,6486676.368,5072950.338,3286372.287,8605686.299,23719143.38,15028653.63,678746.4805,891169.1586,1315792.496,11975109.31,18833653.5,13283357.5,905251.2979,11704194.82,4466197.416,5679404.637,1082260.923,2074641.022,41973253.87,1200759.42,893766.7353,2664523.364,2596734.338,2133969.345,2760164.452,11964229.62,128410137.6,9941832.952,1916622.134,3900210.113,18139050.85,389991.518,2267180.158,13000826.42,300799464.1,2992118.245,32813263.14,1923036.321,1014672.389,1116216.031,3997385.142,20430518.06,87727677.17,3049134.828,24218198.49,26210876.07,228752715,3049134.828,4884559.799,6116729.484,5405849.046,4778475.189,1159078.943,10679726.98,33367239.13,20053731.81,933509.7661,12707688.73,8453835.474,499616.1988,25855497.76,10658733.06,12373706.98,674436.9773,387049.3526,2017598.147,4605000.16,106272820.7,8589181.649,57173970.11
1093_10_FBG,417.625,6834538.092,22210442.15,113369980.3,8749131.348,7270258.001,5070730.291,7955864.253,3846522.013,2009679.999,17195207.75,26719377.33,13013784.15,954443.1765,239705.9522,1429992.917,11444759.44,18657717.03,15076128.57,697879.1463,10597344.66,5492814.127,7255040.587,1338025.275,2521275.203,43118622.87,940198.4819,797174.4074,2649704.484,4000125.848,1661002.744,3710226.375,10580525.53,162834291,7892467.426,1910734.398,2532825.737,14735899.83,172727.8349,2694066.465,12884933.14,258633165,4877186.817,23610406.04,1536094.825,667658.1762,860675.9655,3369166.617,19062664.37,87901928.27,2055438.33,17900106.05,23987751.46,239636971.1,2055438.33,3207639.951,4674763.106,6656272.34,10026554.18,2601695.404,11832752.06,25017008.26,17969102.66,1288104.351,8351734.727,6708542.566,1296231.448,21318733.81,12994159.24,10549487.55,655299.5827,297247.0616,1727013.46,2500603.503,57091895.84,4066620.959,53373971.92
1060_8_FBG,812.375,15602078.92,27537794.98,145332.1523,6597335.17,4447317.879,2761855.113,4388678.121,3357743.024,2523264.855,12386148.03,13397986.9,16151803.83,1239042.029,1219809.774,1491990.001,13413932.71,13388532.35,11137114.85,2185316.018,9010872.66,3640426.934,5508707.452,1017778.94,1975658.526,46562474.15,2370813.532,554537.5517,2689512.317,5276138.688,765384.3903,7118721.935,10071817.99,75608222.08,6409182.304,1227017.986,4952108.746,30955248.96,461011.302,863081.0771,7265237.498,246837939.6,2932972.41,20533487.48,1189391.9,473313.0801,57611.18176,7496558.409,19350595.66,92344089.92,2260556.192,27894668.45,16553691.8,165760415.9,2260556.192,4101475.385,3603803.881,5631206.462,4626695.327,1356234.535,5990774.012,53921191.48,18038151.72,964141.2206,8114693.009,2277755.146,1387358.833,21772996.47,20981888.04,5892383.245,489242.8479,486039.4034,1212013.232,3161875.319,42924672.63,2779719.362,58002984.23
1060_9_FBG,812.375,20135123.95,24064538.54,589531.6204,9683139.366,5729743.46,2813667.509,6076215.939,3778966.615,2119090.556,13674309.39,14760455.58,16868765.84,1235016.926,904239.7287,1432985.416,13967789.14,14104270.14,15145124.15,3903294.855,10970906.36,2980894.17,4551806.839,1228534.51,1663684.224,52817392.24,4166153.578,864482.9893,3782923.579,4379802.255,1823914.134,7297448.767,12344812.34,136947825.3,6999815.711,1951882.162,5941250.928,32375989.31,881208.143,2362352.857,10507621.08,242094430.1,7263194.783,24973704.59,1352368.03,824625.5488,64565.78191,6897204.258,18342436.35,100293305.2,1934213.138,28126288.42,26788009.6,163468036.4,1934213.138,4478056.399,4540838.636,5541990.315,1495039.006,1335662.754,8312591.591,46610332.36,19968307.81,1231269.71,8663555.563,3296686.919,2842132.877,21052763.92,24446399.21,9600900.629,612054.9169,554140.5554,1876159.865,3711704.621,52036118.73,1472924.771,44671043.79
1060_10_FBG,812.375,8893914.038,29057026.91,155157441.7,7270466.245,6197505.32,3612668.703,6647481.623,3248736.241,2778235.475,13418553.61,17909319.77,12328782.56,1272317.642,957167.7931,1836112.725,10229269.99,12518066.08,12359081.31,1445528.252,13616166.79,3097328.734,4956685.372,1531322.236,2759647.725,32939811.85,944397.1087,608688.624,5388939.544,2833794.132,1774857.764,5653687.119,7892076.711,108689673.3,6511924.081,1590456.146,4048022.377,14118979.68,542680.5409,2103676.803,11251109.31,289324611,3360286.141,22235286.93,1443806.534,609291.6909,894199.5386,3791247.861,18296416.88,113449580.6,3742849.827,19269129.77,27519392.69,176808367.4,3742849.827,2276150.577,3811638.523,5131073.494,5027666.477,2216795.813,5865540.683,26411319.57,18418720.14,1081763.485,7998772.325,3583253.512,693647.0893,25615453.23,16349295.29,9792362.164,496148.8579,352754.176,1381731.697,3589524.061,75136263.04,1861599.035,50076403.96
1062_8_FBG,728.625,30734323.93,28956497.33,3587877.679,9783202.46,5354127.562,4091302.062,5333773.822,4490185.121,3232301.432,14145970.86,19244493.36,26547147.87,1432300.979,467472.878,1506348.592,20753294.18,12482465.71,15518983.37,2117004.537,14143097.68,2741525.578,3919064.138,1044666.63,1748196.513,45208228.99,2248542.549,839036.5592,3760803.367,3767521.142,1750393.042,7167744.93,10637840.92,185365985.2,7696624.798,2108816.868,3993233.8,30534737.45,490701.3889,2225921.014,11968825.03,274357182.5,5030286.437,34650755.97,1686001.96,1060879.896,119836.616,9980731.447,18650174.63,105933401,2539397.403,39493613.32,24418493.54,187979325.5,2539397.403,6138728.407,4085555.995,4975634.663,1529643.225,1330127.007,11359099.65,78348985.15,22168288.96,1796370.407,12275011.89,5601289.683,3103084.256,23482849.63,32072252.16,10563047.32,730360.3737,583969.3489,1731926.423,2015764.025,74954032.05,2610618.568,65800976.99
1062_9_FBG,728.625,18376939.45,22267779.88,9567383.928,7466049.375,5740458.059,3756916.295,6307630.524,3958483.97,3987227.349,20409789.86,15653951.07,17450632.28,1866992.914,1417428.376,1437757.533,14646838.18,9973574.413,13995833.6,1894284.415,9945492.606,2648455.032,3546023.996,997943.0936,1765939.293,51184741.12,2096256.191,622689.3299,3616745.391,3633885.894,1633200.017,8218753.238,10138036.86,187816948.8,6869580.144,1582684.432,3985584.281,35713205.2,867806.8966,2276191.361,13204509.13,269230542.1,4626567.216,27903430.68,1882968.109,947408.1011,265827.3949,6363719.545,18800199.31,105725704.5,2316039.603,32786230.3,27637054.61,174827347.7,2316039.603,5305086.896,3431303.713,5691730.027,898903.7815,1477908.097,8160663.534,46906788,22683604.99,1467840.699,9928888.128,5514564.336,2658809.25,22709518.51,23847842.54,9804942.797,477699.0134,569842.1891,1447654.674,2154985.495,60037882.95,3710397.133,64494111.22
1062_10_FBG,728.625,7224465.42,15226545.93,250687470.6,5657809.608,4669495.667,3490759.108,4612582.408,2557251.22,1493988.261,7746919.561,22230226.75,9924075.101,1089088.655,1041300.941,808383.9354,7754199.489,10727662.34,8384954.595,1711398.751,8288280.304,2338902.175,2190171.918,1133321.617,2303131.734,25678476.11,899968.9116,412023.2278,2212492.617,2216184.88,265550.7383,2746669.577,7101937.339,73636918.17,4340681.499,997383.5937,3308675.026,12043092.34,777399.0664,485268.4286,5543271.794,181541397.3,1613639.064,21057445.39,1197916.022,333705.2732,930181.2626,2439757.042,13999839.54,79590345.6,5505922.217,18164511.17,15669599.19,145244242.2,5505922.217,1269260.636,3022023.093,3445022.854,12933228.57,756446.5589,9888290.813,17035752.76,15444502.46,388393.8205,8039895.472,3542053.04,131867.9099,15557455.12,10379187.38,4410380.533,399061.448,352414.2682,1882427.497,5082813.006,34357537.03,2600697.906,44819157.4
1074_8_FBG,587.5,12157637.19,21236048.4,14423618.3,9970584.545,7633303.006,8816266.211,9360762.36,6681894.9,3393598.412,14638016.37,22773179.84,19350527.99,2191425.567,4009025.652,1240076.882,15481085.88,13850220.39,19871999.98,592303.4141,17371965.62,3390390.011,3176877.581,1149475.021,1453278.065,56121180.51,1852474.41,1438609.441,2983495.973,3459835.042,1770685.498,7381939.256,15753708.63,236506672.6,10436586.48,2178591.353,26206768.79,18734489.66,2163394.845,3568382.146,13253252.81,312748183.8,4254780.248,56742196.42,1923846.909,2293729.957,295611.137,12897362.39,19099783.59,85163498.6,1708057.067,48686225.44,48549406.25,194094676.4,1708057.067,4640808.197,5439408.097,4021263.492,4197600.961,1104770.22,15134492.01,105185002.6,25257082.3,1722613.335,20246306.26,3526424.476,3205059.353,29707268.39,16923089.18,9061514.651,699798.1383,1201913.97,1422383.805,3650731.692,28774390.47,2182139.537,73508857.14
1074_9_FBG,587.5,5623944.114,25394948.69,28326208.11,9720274.541,8774590.399,3175555.22,9017120.448,4682308.137,3831078.046,16393750.92,14633479.92,13969154.9,1153479.116,1115640.44,1628005.629,13210014.24,14733166.34,16172652.06,1151768.7,10001741,3235826.177,4356110.538,1281843.193,2201793.105,47503033.91,1610183.961,776620.1827,3840744.491,3467577.718,2462266.286,7157196.458,19431093.16,165039770.3,7998872.132,2150194.527,5909398.334,30396784.75,374774.4011,2451456.696,11238255.08,289405888.6,3929641.703,24493403.5,2758506.08,753825.2448,428403.3308,5315044.096,19183985.3,107365134.3,2087320.334,28816844.75,27211193.37,196587514.1,2087320.334,3658912.58,4744742.081,5467936.379,2009210.116,1828951.016,6841098.409,39013770.42,21144906.08,996736.7577,8655364.867,4729864.205,2387354.769,25443764.2,11271335.83,10017090.45,696405.4605,509565.4573,1699076.793,1848567.584,61068079.94,1211383.107,57248985.43
1074_10_FBG,587.5,7321640.451,22538065.97,236417634.5,8490929.902,6398041.818,4126451.728,6680655.882,3519611.629,2688506.249,7462443.537,22322106.83,12382266.28,987827.958,1073007.428,1727068.396,11455083.97,11578754.3,13624414.18,796567.935,9680890.28,3464420.579,2740246.152,1125002.814,2256427.65,36606521.46,1674332.126,786315.4132,3303524.085,1412438.064,2440945.06,6407506.017,8821264.205,135565840.5,7564100.81,1808088.92,4606661.878,26868664.34,624992.4632,2476084.048,11920460.3,292516122.1,2253076.759,27745371.91,1780765.955,77247.02345,985209.6593,4321950.362,20489762.28,91115860.32,4627316.478,26232612.58,24710112.51,202240776,4627316.478,3150311.443,3545092.503,4650074.637,10778687.44,1239497.741,8449818.491,32190407.3,17791839.91,489944.8441,9986776.782,5146109.449,111376.7413,26474237.9,12848417.88,10415368.88,583117.327,391028.5026,1548895.257,2727477.685,100857474.1,643925.7324,54785855.52
1092_8_FBG,567.0416667,11713691.26,27234630.5,46335121.75,6904330.433,4341396.357,5634376.922,4232488.977,4088105.163,2117111.024,7623476.687,28625459.14,11048101.01,1420173.045,795933.2947,1399633.461,11725009.81,19869847.69,8956673.982,602158.5677,7888028.233,4945246.159,4895286.273,1222482.381,2663247.152,35813584.44,1068341.723,587543.2805,2142410.673,2408311.471,1114903.529,7137097.981,8023525.419,68445376.87,5095761.476,1151539.196,2102405.487,31748212.09,224859.1708,629590.9878,7155230.203,267516501.2,2453429.661,23724288.22,1202377.504,615845.7631,453035.3892,3947063.661,18756793.91,73105778.06,1595261.92,19286862.42,14923914.44,259673492.9,1595261.92,1222872.644,5330012.492,3480269.775,7022093.413,984820.9467,7361431.304,29034801.7,14822197.76,693182.3657,8501928.325,4248740.929,664182.8934,23756391.95,15283586.08,9077813.332,481336.2708,321681.5044,1991064.969,3073851.905,77398850.19,3787511.756,53894242.7
1092_9_FBG,567.0416667,5653831.956,22223387.98,122586492.8,8279754.673,6978465.134,4859527.665,7258382.419,4718745.87,2499506.646,8385674.757,27227790.98,14448736.95,693924.4466,904375.2551,1378014.507,12971689.21,18188666.32,14045130,658804.3293,10716253.26,4307694.12,5667614.714,966734.1821,2337882.727,47432110.01,1238602.079,868075.9389,2410860.011,1892567.725,1990297.064,3412678.292,11398147.16,135644251.7,7736405.747,1720379.456,4720060.427,16057320.56,425524.4564,2133657.045,12030731.02,297661172,3217901.852,32330201.05,1549778.254,953533.0219,1290450.882,3327445.82,14763775.35,94940067.12,2135183.186,19482922.9,30759546.06,245121375.3,2135183.186,3934027.942,5698910.762,3901252.849,8267091.129,1040263.102,10090088.86,25862916.47,21476527.4,742265.662,12161615.85,7559484.322,119718.3961,26982550.17,10775460.74,12079834.98,612146.8331,323808.3112,1713859.498,3036524.318,62050237.09,3190197.94,56545037.55
1092_10_FBG,567.0416667,8527651.349,24829713.32,5814342.726,9010806.155,6671564.537,6397542.843,7065136.312,4537266.072,3116573.224,12130284.13,33987495.16,14446282.9,754988.2461,482593.3993,1815003.723,14789030.43,18346302.63,17164873.84,1033375.081,12795990.66,5830871.864,7803319.565,1081175.34,2925277.382,49864969.52,2008114.251,892600.9879,3669988.055,3361990.479,2387112.879,7301487.072,12046718.33,158124896.5,7256436.571,1951849.39,5293083.077,29428301.3,285025.7102,2300527.777,12446608.5,255904816.4,16179825.46,31833211.89,1835113.256,922951.8696,448289.3575,3640065.6,21080616.48,90907791.69,2869464.428,24035648.33,24803342.53,240982275.5,2869464.428,3639246.658,6236186.308,4349184.305,2221009.166,1413861.841,9270960.374,30300477.49,18947969.37,1162241.388,11218210.23,6217226.599,2657742.076,20908534.39,13861166.43,11778822.65,611365.5077,405767.3432,1922233.051,2888990.24,84565689.62,4814439.619,64988534.37
1102_8_FBG,776.0833333,13295139.15,33999807.19,594144.1235,8793372.45,5514616.505,4098660.387,5857032.122,3870467.125,2657807.278,15731696.02,17365811.01,14727928.41,1591330.143,906598.0508,1702843.553,12456657.85,11970505.52,14348827.91,1920327.465,13626490.27,3384091.654,4604751.595,1060709.593,2012789.779,36504684.96,1905947.35,617424.2714,4270318.976,3614193.832,1981570.771,2403711.267,8783071.396,186425334.4,6732729.476,1816262.324,1693375.18,27241488,608339.0879,2118072.196,11825573.31,284587808.5,4176182.582,30149098.07,1738639.345,1031863.53,64828.80658,9177408.108,19911211.65,108496144.5,1993362.588,36953808.15,31885698.37,221539579,1993362.588,3939501.046,4263595.453,4476805.996,2094991.418,1990488.444,9049214.738,70970935.87,20839869.12,1599829.52,10675808.08,4839249.871,2615491.101,25070671.77,16133770.61,13075032.68,604692.0128,647878.5316,1582806.847,2432837.834,67410327.17,3906620.472,50704249.29
1102_9_FBG,776.0833333,7605684.75,26254317.42,30472182.37,8384954.575,6576389.348,2848087.39,6913637.562,3784004.078,2525490.592,10405888,10718777.02,11467006.65,650473.0404,839981.0505,1174172.565,9789766.047,12337158.85,10378059.82,1399945.75,12005873.66,2805463.459,3840296.249,941883.1222,1391739.671,45317334.14,1200772.32,490888.208,2687056.737,2925433.907,1316966.697,5709445.207,10071200.49,130481345.3,5166936.251,1626464.174,4056197.401,17312193.53,525375.1747,938899.4567,11613248.14,228903075.5,3575751.56,24272116.97,1445729.336,672505.3533,626343.0975,5239037.575,16986352.45,87889448.63,2496158.574,20879767.17,25928624.35,179702085.6,2496158.574,3717832.125,3560338.846,5893606.355,4512785.836,1197409.005,6827096.322,37774826.26,17421821.63,971331.0122,8196794.944,4926510.755,1164009.178,20468709.89,12073494.57,6330310.019,541312.302,366474.0606,1239684.078,2544254.119,46526685.1,2377770.899,53429361.47
1102_10_FBG,776.0833333,18341687.29,27136967.06,93046706.78,7145863.644,6979131.982,4025683.962,8256026.629,3460824.406,3106666.787,11028803.54,17421343.25,18252529.55,1117756.346,1013442.866,1860181.568,14488887.91,11899347.5,13329582.57,2181760.508,14716983.17,2729015.545,2860018.027,1131557.948,2288142.267,51555184.11,1539596.416,470166.6049,2741806.352,3468434.586,1628803.516,1923430.386,9217633.073,172608541.6,7281193.493,1401972.814,2708656.281,19644593.05,830915.3711,1968649.319,14695335.27,244113205.2,5600722.677,30114561.97,1962857.583,927717.4046,1617641.694,6493753.55,18504478.49,100500389.5,2717575.02,30957740.02,35127854.2,203800893.8,2717575.02,3996092.436,4140010.915,5850080.396,2587515.161,1169240.162,18106338.67,49469152.27,20801954.5,947404.993,11250418.58,5330805.427,370782.5215,21816176.35,22014150.78,11350128.28,501719.553,314292.0429,1364990.014,3463843.892,45769471.98,4226923.977,62490974.8
1076_8_FBG,1004.083333,12083299.95,22872281.7,7280522.292,14613085.97,6761108.556,5283029.847,6860685.894,5208036.891,3106457.892,10058824.45,21734611.03,18310286.33,1539297.216,5617890.559,1565853.388,18440407.38,16047625.41,16234564.32,2517169.651,21342499.21,4415686.271,1877491.136,899515.1448,2042611.175,72131446.47,3217308.908,1121178.315,3560592.843,2308847.799,1610617.109,2538376.527,14992778.04,189663472.1,10081346.19,3033627.809,8905699.813,15136014.96,1188758.133,3205095.671,9281483.244,281972077.1,3034879.148,56246412.49,1884716.177,1675834.205,252920.828,9747351.808,17766747.26,94422615.68,3534149.893,37276958.34,27475911.07,146425621.8,3534149.893,5950366.415,5361399.996,5648666.523,4854865.033,1193405.231,15828948.85,84224458,25398563.24,956789.9541,20747003.17,4863866.132,1747950.983,24510302.82,16787010.37,8467594.677,1012171.851,762270.0328,1800687.259,6165511.708,31392587.19,418538.2378,69231783.48
1076_9_FBG,1004.083333,3731122.051,13527251.04,104598.2131,3582115.584,2619487.952,1565793.622,2555989.003,2189312.064,1131606.255,10417077.86,9345917.85,9026347.56,865048.2536,336060.8962,576202.4004,6268110.582,12004653.77,6070902.455,2232574.351,7179706.086,2953344.235,5283759.47,1256788.034,1619000.645,55709967.14,2766232.028,344276.8264,1578616.54,5034001.892,75320.6175,783609.1044,6843308.184,75356162.07,4464499.924,640887.9914,6420641.977,147738.714,346052.6706,112802.8944,5055533.362,150106562.6,4873700.671,24379345.29,1172498.172,421304.1254,48098.26236,3957390.891,13507236.5,58375211.7,2627528.672,23999552.49,13689858.3,114641512.9,2627528.672,1027895.874,2581652.312,4956631.181,1028786.203,761467.9131,6832535.982,30812942.93,11779977.17,622348.9689,9774627.983,2769643.44,2522489.507,13459016.38,7367875.347,3167902.082,241697.2798,329610.2564,742628.7618,2107359.936,18337205.76,436747.997,64918330.98
1076_10_FBG,1004.083333,3525480.585,14970668.24,109066178.7,7077849.388,6378198.054,4346729.302,6824718.829,2798408.954,2731005.45,6522229.015,51657940.94,11716907.96,2290809.935,3097738.577,1387224.742,8872581.37,10383641.11,10913871.41,1899931.814,12203619.31,3308076.497,2947128.117,773662.7515,1609603.319,53669559.31,1810615.737,700363.7801,2743368.567,2426907.223,1443617.565,4779021.577,8779752.684,144032591.5,4833090.167,1643174.425,4230252.447,12240167.36,2082260.973,1625087.356,8023163.633,235151087.9,2022286.632,36033423.82,1852922.717,992419.0405,1301735.604,4084558.663,15429587.51,94277801.91,1410033.819,24678241.79,20805482.54,147435019,1410033.819,3178012.609,3968620.709,6051559.295,5104912.996,1027314.697,9453019.376,35501270.75,17511167.29,452093.8021,14147973.42,5536124.522,268897.0521,20449655.76,7640560.305,9129817.436,508918.264,387031.5974,1615103.589,4107227.723,52005952.6,5960932.126,68756113.5
1082_8_FBG,941.0416667,18235375.76,25232618.8,333853.6505,6039063.791,3527705.67,2669304.531,3681963.356,3473634.416,3435142.121,13741229.38,12874841.68,15379018,1572151.046,662347.7939,1576699.243,13597559.59,11902768.16,13269413.56,3113720.965,10266374.64,3702673.262,6395580.115,1163234.914,1512726.281,53729744.42,4192624.351,755132.5717,3708053.29,3910677.221,1552933.849,5792403.587,9591647.095,147107900.8,7714544.524,1411210.198,7748527.371,15927733.73,617695.9715,2463953.083,8609355.494,256873500.8,4202609.66,35268900.87,1612659.228,1086508.365,78922.7967,8718758.839,22225695.97,107400876.7,1822902.813,35365718.47,21045961.75,148561924.6,1822902.813,5840559.872,3749824.428,5618109.836,1094417.915,2299005.051,11653705.59,74355162.01,20641745.21,1390863.743,12740802.57,3177974.58,3371079.144,23175416.12,22501227.47,8240728.413,468811.843,435808.0333,1369346.017,1023502.078,79261717.49,1770726.978,61971257.08
1082_9_FBG,941.0416667,11899022.45,17248648.24,100684921.5,8514004.766,6845124.881,2865204.325,7432208.627,3576951.711,1900305.364,9152678.808,18828007.1,9930590.065,1542202.103,551240.2063,1658595.906,11659540.35,12532396.25,14012804.23,1710738.996,10748497.79,3523040.203,3951869.923,1111504.489,1997819.75,48543148.47,1606499.415,637694.2068,2750240.398,2419272.93,1038172.556,2247771.778,13482838.21,97976354.52,6900745.792,1753885.397,2773662.507,13817710.06,602593.2535,2780651.911,8987288.583,236078985.8,2451169.214,35023988.19,1222473.622,1034197.698,959877.029,3864780.544,17795941.9,93954891.73,2497570.32,20163911.17,24318796.31,134512763.5,2497570.32,2676086.598,3931144.189,5762624.358,4221440.759,1422938.327,9343805.125,26594927.04,18128698.32,594959.4906,13358009.12,3506110.04,131004.3867,20556645.78,16107337.12,6720617.701,559497.9675,366216.0664,1198287.136,2759251.911,57634871.54,2054842.68,64931628.72
1082_10_FBG,941.0416667,18713470.55,22439832.1,132158599.1,8426887.755,7659976.903,3654970.327,7616393.852,3133366.701,3377696.311,14089801.65,21145857.77,14432277.1,1234554.302,480162.174,2098839.909,13961403.02,12382555.4,15291522.19,2141209.28,9348842.872,3432179.81,3283020.202,1265599.646,2185612.646,52493278.9,1838675.159,586206.0455,3678302.392,4022891.323,1478477.913,5966995.697,8690155.205,181928542,6303464.123,1851054.69,8211555.326,25205220.24,291203.5382,2092797.595,10846430.79,256578391.6,3916003.064,28755108.8,1424625.244,1009074.386,1029885.112,4214906.7,19866080.78,103517229.8,1863641.166,23499582.76,23520065.2,176661616.4,1863641.166,6384194.723,3192723.963,5167154.898,3965644.966,1730531.346,9020178.803,31640817.44,20170367.17,821969.4629,10299848.51,4416949.737,860643.0771,22468704.9,20997170.69,8930307.298,602681.4965,364398.7744,1426530.016,2254015.29,52634099.65,1839133.078,62644810.49
1101_8_FBG,916.7916667,9575036.976,29098930.63,195324.4792,4626043.406,3200635.6,1975352.99,3499801.953,3147876.036,1424223.235,15675002.15,10803156.86,12009152.91,698416.7772,380200.9344,757792.6926,8382842.718,12779574.94,8409676.436,1516548.853,7753565.096,3130820.429,7464537.331,1104096.211,2096414.593,43755261.34,1929569.848,377947.67,2228556.003,6334345.611,105675.8474,2053657.627,12699921.18,70094732.48,4699559.537,762826.1343,4819789.454,1662024.387,376677.5138,339267.7196,5327172.793,173552697.4,3374250.178,18352027.14,687766.108,259285.7917,47412.47685,7091763.888,11426800.02,75845276.01,1712397.119,28558273.86,13400907.06,155035935.9,1712397.119,1407752.624,2862223.328,2961768.318,1646864.168,1655704.849,4846195.928,47089480.76,13711304.4,993744.027,6758504.507,2061786.43,2645992.597,15575501.02,11667546.84,5007279.338,321012.2653,442270.531,2246118.923,1313368.811,31589293.16,608936.7434,55015203.87
1101_9_FBG,916.7916667,5862987.645,20934257.82,109757757.5,7896952.424,8287948.817,3174586.745,7840889.229,4127442.895,2405401.53,9916322.781,12377288.19,12911430.68,1001372.18,771202.3164,1586333.593,10467241.66,12163237.04,14130061.63,1339759.416,14461557.76,2615823.33,3964095.665,1097250.663,1725825.942,40561764.42,1160470.686,592903.8505,2888256.685,2465715.31,1818962.658,6228263.115,11907246.66,127343073.9,8465060.477,1793823.966,6542353.293,26217822.15,890357.1366,2845160.445,7223970.696,218121978.1,9760539.026,27289744.19,1220992.848,853546.0797,1325965.134,5892062.615,14659385.84,93785104.47,2379175.697,29109802.93,26675626.03,167595678.2,2379175.697,4511630.991,3880672.445,3651731.975,435312.4634,932390.1236,9220534.091,45053489.55,17701391.02,679741.9817,9727358.683,5504208.942,274184.5819,18750678.07,11027897.98,10098836.22,616521.2726,353159.0895,1402230.394,2721312.304,69660849.32,1594443.248,53847689.03
1101_10_FBG,916.7916667,10421146.59,27980179,144186653.3,8760253.27,9091146.365,4184830.212,8871654.382,4338647.399,3217238.839,16212978.12,20058164.91,13060921.99,1457868.9,922815.001,2016798.822,12273695.28,15571086.79,18750861.87,2328921.86,12427841.22,3071092.71,2914785.431,1338071.262,2858209.136,49917844.14,1500179.321,656680.47,3805725.833,4369573.345,1871525.067,7944386.25,12110968.99,175814468.6,8042811.984,2056868.186,4335657.938,34256560.04,595161.5792,2682707.85,10538652.61,252106470.1,5098342.784,26690176.56,1590687.756,1022297.158,1440277.998,4323866.822,16668707.47,105632045.8,2394189.941,26230772.51,32035642.46,181886734.8,2394189.941,5025212.689,3836793.157,4764317.112,1947936.16,1694789.789,7865157.644,35191945.73,21085664.8,1080809.408,9015843.145,4872250.298,777247.3669,20944100.9,17973137.2,10587211.68,678310.928,484156.0816,1727122.267,3460777.791,41318690.64,5532052.658,61213297.52
1091_8_RBG,317.6666667,13601848.35,21250735.25,10432844.47,10999578.02,7801870.375,12353356.64,8228512.692,6725998.379,2374851.957,15774034.47,46111743.49,15750826.82,2396035.869,11323225.77,1037908.102,20137587.65,17916979.16,16831067.43,458749.2436,19902540.95,4024477.754,9046877.66,1076694.869,1524536.125,37067316.38,1370344.804,1297028.476,2801068.968,3196169.484,1364976.826,8955734.942,16393157.8,230147789.3,11139279.72,2296203.005,33440852.68,39467451.66,2889223.91,3808131.736,13403959.52,262944980.7,8492493.46,39831403.85,2076656.353,1539549.651,624678.4862,7896457.38,18957364.66,75267608.12,1261626.383,38094440.96,57901566.26,223797733.4,1261626.383,4065195.817,5707046.847,3737870.888,1820698.191,1151881.759,22906237.42,73463323.42,25302340.04,1397702.291,14906837.91,2511728.95,2849509.407,21566527.79,18542604.74,7562803.129,843714.0014,735757.3046,775723.5543,4325512.721,20689642.26,4157712.954,65704719.32
1091_9_RBG,317.6666667,8466763.387,14863164.34,147024826.8,11463127.22,7696642.966,11449140.84,8685617.794,6371680.381,2425307.188,9649428.72,44270408.61,15151239.86,2086557.387,11441539.32,723981.3785,20244051.44,20683682.96,16887555.19,217994.3488,21573889.01,5759856.592,10718912.3,1226317.588,1929401.451,37830088.42,1292441.855,1237576.281,1697543.305,2417160.034,1048263.535,8581498.868,19141792.31,203652499.9,9236038.512,2588236.488,33768936.94,37571374.65,2640735.327,3956721.037,12231097.71,230348307.8,10593907.88,34394999.05,1527535.155,1123524.079,1389014.35,6053704.276,18295769.37,57567939.98,1456478.746,26842993.39,49527805.98,193970763.6,1456478.746,3002874.349,7515616.79,4640087.188,1387187.386,382857.973,8746602.675,46485076.73,24630691.76,813329.3702,11938890.8,2318356.331,391025.2083,20309396.55,14623212.63,7282019.114,807616.3763,617909.8034,742116.7587,5382766.36,20370663.59,8943206.121,45538565.16
1091_10_RBG,317.6666667,15663246.93,14600062.17,126324883.3,11319162.77,9593105.6,10999240.54,10528528.62,5609603.368,1740526.74,9796493.034,47746883.51,16548793.52,1967627.711,8678019.698,1034473.572,22330487.05,13806026.5,18344286.93,261173.9314,17744575.92,3855468.512,6072893.651,782088.0526,1711566.314,32076023.66,942203.4618,1123516.612,1543111.743,1847970.007,1123368.826,8613041.366,16850991.46,242599686,10426178.99,2444361.292,28556662.43,19271065.52,2537667.817,3567287.469,11385502.4,239373285.7,4059132.249,26224510.75,1109639.443,71136.10553,1455612.564,5251404.75,19500030.95,51941756.14,1603251.888,24482973.63,48928398.8,212992479.2,1603251.888,2532891.865,6795008.494,2632769.056,3029248.445,312868.8078,7524358.125,39051943.44,23909240.06,656320.2789,9108258.31,2479728.369,124727.341,19982745.09,21839365.23,8526357.853,821523.8745,572174.3655,617306.4478,7518429.344,21687306.79,3911081.711,47097917.97
1093_8_RBG,417.625,7776992.357,11447168.01,24053602.12,10017059.06,6646618.09,11377137.18,7582078.943,5261789.073,2012726.06,15256382.91,45533782.98,14462323.14,2313033.613,12493621.82,720681.291,17153665.72,21039338.15,13007891.64,495297.8139,16874164.26,5140501.762,9730768.5,1041744.798,1726467.082,41916234.12,1163965.709,1021492.58,2030004.543,3826436.779,757232.1768,8672770.625,15756623.27,156699089.6,8214609.529,1609389.486,23515293.7,38476295.11,2411877.634,1080015.432,9224044.938,218811829.6,6924329.227,31549557.78,1263676.133,591377.8679,463841.5342,6456782.664,20030136.99,71962069.11,2166079.05,27813086.33,45173998.54,235465068.3,2166079.05,3486899.299,6687315.881,3168260.97,5439543.354,1401919.775,14299026.33,52809048.6,22915219.84,1833199.685,10878948.32,3773769.728,2906588.32,19984099.51,12423786.2,6015389.842,718197.0127,615384.4286,600731.3204,3169737.072,8333737.919,2691894.895,56373718.82
1093_9_RBG,417.625,15049986.29,20890013.26,77161137.7,10561480.99,8710860.807,10513012.97,9941384.565,5573531.379,2579951.159,6718593.17,37430666.22,17702557.54,1719598.729,7330732.497,1040131.102,19429850.77,16169803.39,14415927.75,304601.3271,20805638.23,5101379.465,6334479.437,919508.4024,2154702.297,37684754.83,1418225.436,1216019.846,2052350.233,2697856.302,1167189.084,2839049.479,14668196.19,237217752.4,10542993.13,2420070.966,30017964.42,34985560.95,3007848.666,3819317.656,10699075.87,299534723.2,2771381.637,32327483.68,1667374.547,1056886.281,1089365.985,7227321.15,16978757.56,50522800.38,1186775.253,28076378.87,54424351.51,207751310.4,1186775.253,3660222.493,6322785.406,3357314.663,27432245.33,540898.8281,17647039.04,53443575.04,23402865.92,961396.1486,12108237.11,4472592.594,232598.0135,25974043.58,21402679.93,7201448.745,773661.3255,515496.2251,647994.0841,3939977.998,20081974.27,3763698.384,52971779.63
1093_10_RBG,417.625,8378725.569,18109849.31,76471112.39,12772532.49,8614716.042,11354178.26,10223355.16,6387831.473,2195730.338,9222551.482,46159615.35,19151524.3,2422004.707,9719629.258,1150336.058,22395887.26,20793315.75,17676262.29,390020.2307,19651568.49,3302416.122,6085481.97,963086.7735,2246925.956,46549048.09,1016651.36,1153937.248,1707670.576,2359620.531,1156768.769,10343946.53,18277548.63,244206031.1,11244992.96,2785624.029,27489768.63,27786638.56,2873354.286,3826239.333,9600013.557,288292553.7,4436005.201,27590524.28,1700505.169,974948.5953,1272632.678,5796646.762,18348474.17,59813113.09,2231375.775,25508205.14,52242711.89,225951452.5,2231375.775,3287605.364,8879711.664,2543618.807,22382149.23,790275.2179,8568835.207,41691271.95,28676632.16,1252046.592,9682930.929,4782531.841,676341.0985,25421535.32,14327097.6,6993097.979,865139.0659,588223.8017,792477.7715,4796823.914,24089985.26,2241648.533,57279076.2
1060_8_RBG,812.375,14154802.9,19754559.11,176736.9208,9715231.647,6662481.371,8378362.765,7806141.107,5802902.928,3738320.663,18128607.2,32302854.59,15517632.07,2338610.084,8611698.842,963890.5974,20828506.32,14551297.52,18937072.91,1501213.649,19847541.41,4641193.199,10936628.75,865506.3531,1342529.887,52237316.38,4099828.206,1108462.178,2960213.205,5693332.247,719411.4305,8745921.6,19194176.53,232923891.8,12641225.57,2149903.01,27704275.32,39025348.71,3162902.825,4095204.943,10559655.88,267956154.9,5726442.81,63512747.37,1778544.964,2547980.885,97939.93935,8947707.615,17587217.25,82903387.03,1485001.622,42387481.06,39823952.42,190563354.9,1485001.622,7976990.191,6163102.817,2260310.686,2828088.806,1206429.531,29777120.87,78622521.61,26275848.93,2076533.14,23410516.71,2329893.692,5112537.504,22447416.02,18288011.49,9011090.625,626604.4917,1085292.55,488084.7995,2716139.995,20421366.74,3050164.165,80902937.05
1060_9_RBG,812.375,758151.9651,15299237.18,83364681.46,9052888.98,6338313.699,8139687.741,6903919.576,5111901.066,1516402.309,5957585.531,21880261.44,9517619.626,2268377.487,10999159.63,655409.4221,14228858.94,11585235.46,10168250.85,817734.2832,19204031.48,3583059.691,4902732.528,1496357.755,3104152.079,49761416.74,2463751.837,964832.635,1397708.731,2207848.522,97048.65857,717106.8364,18362787.64,90449955.27,8702961.564,1811087.061,33515211.82,9175045.864,1611366.945,882557.4451,6358858.708,308223223.1,2010431.364,42130804.58,1076048.643,331803.2908,846947.0766,5213322.904,12657794.16,71638016.06,1561288.627,15977961.59,31080892.66,157978507.4,1561288.627,535611.5818,7386640.149,1676167.807,5602571.429,348120.459,9389933.849,37569962.48,20636727.76,481177.993,14459880.04,1355411.355,143255.2287,26482897.08,5625427.824,3524157.242,628397.1056,866639.165,444095.7471,3383939.072,5950034.865,737777.8863,89165726.82
1060_10_RBG,812.375,12097944.06,16754646.29,65098361.46,11494007.11,8021247.717,12465758.21,8721472.665,5847287.035,2385102.133,6363013.005,56232212.62,17581648.94,2764914.011,12237052.45,998924.4232,24677167.73,16252148.75,19418650.24,407126.2658,22383048.26,3450679.506,4068227.476,1026742.587,1291519.819,53467286.09,1394606.242,1465727.313,1875221.976,2189937.831,1003418.868,4354602.536,19852515.16,261662075.1,11564549.92,2555479.001,33291604.19,20823046.15,3149897.656,4125230.464,10711244.85,257834778.1,3142505.985,66144700.02,1817535.638,2303328.268,968047.9389,6167249.353,17901066.82,80354557.57,1622620.841,33132478.14,42622854.24,211620379.6,1622620.841,3867637.943,7317305.173,2534780.452,12837518.13,438513.8477,19392337.43,50441167.31,28258258.52,763650.6484,23968244.44,2744985.835,1744304.617,21798948.61,15633650.53,9082762.258,863328.8501,751113.9731,747513.7611,5537088.475,26267626.36,5146707.344,72438106.58
1062_8_RBG,728.625,10480194.62,15209884.01,118658706,10133948.38,8418963.008,9804025.976,9507458.934,7476272.554,2439010.487,8529696.727,36967817.71,16463025.05,1868293.502,10287212.69,579939.1409,24597632.47,15820080.94,22586906.95,494532.6122,24279484.13,2213985.291,4230205.356,976942.7583,1210996.014,53886763.24,1920433.679,1065394.261,1711207.449,1481675.16,640761.5607,7651271.019,27271027.04,258630174,17711022.71,2223145.691,37354652.47,22362875.5,2910640.577,5953683.961,9350992.246,241107006.7,3588895.311,78200485.39,984333.1524,3057094.34,1028067.777,8697613.082,14880074.48,71132673.47,1690519.64,36501514.12,38744540.55,181964315,1690519.64,3536062.792,6680926.229,2246285.658,10682493.3,309653.1836,21623001.89,76162457.52,27336176.92,1221878.871,30242901.7,3547530.056,1186243.177,21779917.34,13998686.01,9791809.134,786688.5635,735101.2554,590643.0328,5473575.574,34800467.98,5508895.899,71852455.08
1062_9_RBG,728.625,4465029.027,12851540.95,181943417.9,15971375.79,9068769.044,11370634.08,10905943.78,8188634.055,2338779.645,7607122.053,39168497.2,13630812.27,2098914.949,15685472.19,617358.5082,24937057.57,19103577.02,25200887.1,485420.0642,20539850.45,2207568.161,3374884.194,782401.937,1157709.873,56842950.99,1521305.902,1480833.113,1521727.956,1886392.515,679183.9543,8678443.213,32033107.43,278440334.9,21246303.04,3593371.139,25638316.36,36229145.74,3253807.729,6811228.511,9944502.366,255712911.6,2797822.925,72507592.48,1107445.621,2279992.299,1578266.083,5888327.426,15409677.06,72058860.93,1440917.944,33128624.37,34714073.68,149389488.2,1440917.944,4090434.56,8413670.319,2987216.947,19393064.41,354611.6934,19970472.02,52645671.97,30685660.15,973694.3481,26991090.92,3201262.403,116682.8616,23325055.82,10823254.57,10153623.1,1160056.58,664444.746,665428.5324,4126769.004,31997214.09,1799506.655,65425370.13
1062_10_RBG,728.625,14851260.46,16509993.46,189482671.8,12640503.94,8938792.608,14676280.21,10148029.72,6860734.996,2371206.254,7286871.198,49038868.03,17535164.08,2899185.23,14704506.27,998566.6501,27111447.55,17851066.73,21815656.51,289929.8194,19859937.94,2593044.975,4631361.473,1005453.989,1964384.847,45438449.45,807920.8828,1537965.211,1667038.893,2152237.648,922944.1866,9056514.89,23552673.85,265237962.4,14913071.54,2608183.342,27046969.28,15406960.36,2334422.122,4511960.134,9991145.991,268484145.4,3757611.059,50975257.67,1462760.438,1485133.171,1662361.228,5532048.618,17230315.06,71350320.67,1564885.915,31668724.25,40338861.07,171504468.9,1564885.915,4329096.152,6768230.557,2275909.272,26446844.65,446065.0498,15258780.66,49309249.82,30440345.64,1318749.926,18329980.11,3758017.038,119321.6683,23182586.03,18180904.59,9190901.001,950355.3901,692206.7072,853369.4556,4783285.85,28111167,3098860.67,62212784.76
1074_8_RBG,587.5,6986466.402,8759970.459,139297930,11838951.64,8549025.997,10284923.74,9446779.815,5901568.451,1617412.756,9219797.193,39713728.7,14126294.78,2298152.06,9248785.756,720254.8587,20130449.47,15979665.2,17788442.18,282039.8916,17316667.28,3392646.581,3913875.442,841053.5464,1257056.417,38026341.41,1387687.399,1525454.744,1599481.607,2405938.552,1437101.517,8608605.255,20900477.26,225124775.2,10740730.68,2546760.848,27114223.01,36765995.4,1715133.585,4685113.147,9877292.657,210931264.9,4205398.269,58999133.94,1183997.765,2054193.286,876023.1528,8782635.081,14576832.44,76561540.17,1688790.723,34374080.29,41145582.13,165897368.3,1688790.723,2334701.428,6324847.22,2662586.504,5100642.946,590758.463,27672817.61,81847334.15,24737612.69,1246492.884,21211429.9,2569336.172,956659.7964,17168348.52,12014870.43,7232131.69,829319.876,583244.5116,964266.7052,3506831.118,20383241.42,3676042.367,61944517
1074_9_RBG,587.5,5478081.722,9660407.005,190270294.1,7391678.166,6067903.503,9590405.813,7151647.023,5615259.787,2058467.907,11874307.83,32727374.93,13672552.48,2151818.242,13844664.26,536758.178,15899802.87,16888645.09,11332369.5,314008.4287,13362938.63,3956856.554,4946397.311,983584.2502,1427681.135,38247446.22,675714.4822,977372.8314,1328918.344,2474056.301,802967.2672,7462635.417,16328264.02,115297218.3,9343589.779,1218323.91,34824503.29,24342446.34,1834723.559,968847.2743,7893718.643,223101178.4,3876358.072,49138397.62,942085.3387,1185966.357,1003559.991,6522467.275,16575612.49,67018672.88,1726190.812,29084618.37,32029936.88,177913203,1726190.812,2750274.692,5552661.809,2623944.892,8804033.409,763605.5851,22373171.92,51362439.89,22351442.75,1020076.405,19004413.78,2466205.137,142694.3273,20155292.95,10326618.14,5109980.753,488962.047,637997.2431,606361.7925,5465964.52,7088215.795,1446464.861,47458716.87
1074_10_RBG,587.5,9009771.731,15822307.92,148806372.7,11130804.89,9383748.827,11823784.56,9968710.216,6311098.711,2175168.218,9158177.632,45653068.19,17617425.67,2814609.125,13102788.58,964264.2853,21540533.24,17190668.9,17838401.9,222023.1583,20306838.68,3957960.052,5839816.441,1131426.36,1778128.941,40492520.56,1340090.839,1230172.474,1528151.277,2421243.497,1115721.575,3740987.414,19793292.62,205474855.1,11959799.96,2157886.57,41280950.92,24569287.47,2257388.058,2120069.13,11086771.11,270015536.9,3915925.618,65105665.69,1570297.456,1741287.879,1438345.807,7745067.073,16288886.99,72765348.98,1393486.692,38181960.43,42683835.53,226563980.9,1393486.692,4180017.59,8130206.488,2642539.509,3104711.769,428481.6695,17553285.03,62657432.85,29163210.08,1142873.386,22860693.72,3267059.862,114383.5596,23621524.01,15062826.75,7735586.994,726708.9261,725647.7889,764021.7083,5792684.772,21419072.51,2753217.86,60127093.4
1092_8_RBG,567.0416667,7875758.709,18602806.79,142593.728,10557381.28,7573182.263,12993028.32,8508203.941,7449668.41,2463908.737,13336291.85,53164851.54,17823820.62,1674540.144,11363287.21,1157257.186,25734510.35,20703553.21,17165603.56,682646.2788,17721457.74,3827710.326,6451867.75,1109847.488,1842010.825,52464588.45,1830784.72,1268788.984,1765590.166,3504135.659,1226707.432,3740177.885,16892652.27,165731990.3,12141715.38,1793100.787,36505834.46,18929786.95,2491122.532,3002655.907,9804621.62,287966937.1,4690222.979,32630789.11,1329777.895,905196.3382,67221.68329,5532461.336,17578779.8,62795006.08,1549939.977,32478532.56,57331058.11,247518202.5,1549939.977,3685892.407,9220132.654,1752287.327,1811991.39,688951.7986,10898624.02,41893887.55,27516950.36,1548196.755,11247546.7,6049220.17,5456882.535,25013069.62,13640784.5,7386723.417,681800.509,795094.8744,708006.3745,3205989.163,10177227.32,3052982.812,63478737.38
1092_9_RBG,567.0416667,9765259.078,16380762.13,61204624.59,10329954.13,8113573.256,8492042.315,8991068.027,6215329.607,1811640.366,8551982.043,30075167.36,16281092.02,987366.9059,8503333.597,787281.3559,22020832.96,18640272.39,14286297.02,227743.5123,21416622.22,2647109.671,5328971.513,840879.2762,1623469.697,41520692.05,842512.6858,1140276.393,1412025.353,2339465.444,819684.5918,3270558.059,15031982.22,198091118.4,10422239.69,2240666.78,27406131.66,12408071.35,1549555.327,3579845.287,8583324.437,261117719.4,3755928.154,28589212.8,1198221.688,674503.5315,1151221.803,5058673.154,14704919.5,55725685.67,1175918.476,23539504.03,44383698.47,187711759.7,1175918.476,4805356.22,7479514.343,2327032.552,11135486.04,517906.5771,13638823.09,39371182.54,26037750.46,1214609.041,10857901.84,3878173.395,182370.4285,22470688.95,15274313.29,6532851.613,754864.3578,442703.4815,617951.6152,2366322.097,17731663.19,5744876.76,55405363.73
1092_10_RBG,567.0416667,7894629.113,10116791.01,29127652.32,5771125.891,4523797.088,7211504.005,4924667.685,4539565.288,857496.4123,4968968.102,28488643.88,13820853.92,1511117.579,7468358.909,333948.0252,14290617.7,20355147.78,7430369.015,233902.114,11024927.96,2850262.186,4810575.6,979344.6834,1649149.362,42682837.89,783961.8897,553800.633,787977.0012,2612668.172,79980.27444,1704885.831,10111625.33,81615581.07,6330634.13,1043671.945,25351135.41,12207943.36,1046605.558,342783.9702,5120396.146,178900252.1,2303720.668,23909718.73,711357.0379,393631.0864,622634.1246,3987396.021,12242304.9,35921573.33,1074690.948,25024974.67,28320278.94,183822853.3,1074690.948,904345.7422,5822242.288,1607212.797,1745244.993,302869.3754,6216849.46,29045422.18,16324237.64,552140.6374,8260644.719,1802594.413,1313095.421,15924911.78,11474410.74,2997591.868,350524.8762,411607.5526,555901.301,3974599.751,9783322.952,3654255.439,49125241.94
1102_8_RBG,776.0833333,6256745.106,14643881.38,25371948.68,10853064.35,7549222.229,12257176.2,8368188.097,7222548.916,2491499.732,7945395.043,39777771.56,14194863.98,2115523.926,12616845.44,702363.211,22254470.21,16933763.61,21926330.24,564581.0081,18983140.06,3333361.049,5784050.158,986056.5979,1515435.576,55837550,1987055.046,1186485.473,1797468.037,2530512.967,1039655.58,10218435.52,29105830.5,254453811.9,19061337.54,2454311.258,34209436.72,45030784.26,4031868.397,6221935.577,9849307.747,222715607,5264445.016,71601120.34,1401064.297,2897321.492,736976.7378,7989096.139,15848778.42,68098154.44,1603514.636,36338578.5,44094883.16,197977330.8,1603514.636,2374516.689,8535596.016,1882354.02,4569296.197,458999.674,31674156.31,69637499.27,24495620.81,849053.9803,26667040.92,3096417.979,2646589.739,19552321.44,11765927.81,9759592.176,796837.8297,909296.535,715326.3578,5244886.282,30759944.05,2526124.984,60990798.73
1102_9_RBG,776.0833333,12956306.41,14627592.23,231940310,10104124.71,7770550.983,10064003.32,9092628.558,7389979.606,2285294.854,7716855.032,30434327.4,19865075.03,1800737.265,8480157.584,749600.5593,21573097.83,15026558.66,18985583.45,282766.1913,20291909.23,3223032.615,5518368.204,838467.2179,1527387.542,39053778.5,1806432.515,962669.3268,1334178.489,2275887.809,742110.996,9698586.574,25878027.24,248354627.1,18414588.64,1932545.676,29306563.16,23305512.1,2691051.337,5886885.986,11806846.12,270842550.6,6017701.049,68021035.63,1662502.994,2643614.083,1100757.256,7235367.152,14449940.07,66346318.75,2370310.531,37305288,45979447.79,203561715.3,2370310.531,5108610.859,7756900.264,2486740.397,2996388.721,269549.6299,20184036.29,67517633.86,25896367.49,1152738.482,25011177.53,3184391.7,925043.8214,24105672.44,17641517.69,8661548.733,586546.0018,731630.4797,616548.7042,2419238.556,28017110.68,5255109.606,54692657.18
1102_10_RBG,776.0833333,1923477.649,15186827.1,60152726.06,8567655.908,8026300.459,8663168.717,8904036.66,5732611.99,1837333.758,4120672.33,29419615.28,11558040.47,1434612.172,7933655.309,672007.5541,16126781.17,13450701.75,16657789.79,255418.078,17206932.37,2309279.611,5126746.755,695703.4287,1718776.086,38984219.99,1254160.323,871433.0676,1255560.851,1321733.738,628808.6823,7710111.273,22664604.85,227865886.1,11896402.65,1929406.023,23096177.3,34225519.74,2466058.537,5054213.945,6649689.716,216415087,2737301.428,59292098.2,854448.0744,2133126.918,1307312.066,3871281.044,12937232.85,56058505.68,1937315.559,22296405.38,32109195.11,155397379.4,1937315.559,3016549.267,6049798.007,2008688.038,8350557.26,196456.8287,16121829.18,35065983.03,20614283.75,649555.43,22688217.04,2483307.532,127762.9624,19093256.06,7399441.818,6821788.304,663947.2585,591451.0191,580462.7595,1194386.604,21883697.6,6697359.528,50324955.08
1076_8_RBG,1004.083333,9616776.862,8230847.071,56163732.66,10557488.84,8230248.172,8347452.35,8660561.87,7313756.378,2551330.341,5827872.757,26664630.49,11845326.89,2333756.178,9499968.225,702509.6703,18782606.05,12820864.7,17931431.99,440577.8324,19176682.5,4074382.436,4784285.102,692977.7129,1225399.638,54347342.25,2286873.498,941344.0583,1155911.636,1713673.719,642854.6765,2819876.698,26359983.38,178010097.2,18706477.27,2097490.104,28062831.23,18097475.8,2054978.896,5682043.088,9201994.133,253946913.8,2528369.593,82046409.44,953423.7904,3043873.04,1020341.716,8474006.883,13158185.9,66447724.38,1500940.955,45203183.83,30011972.8,135141688.2,1500940.955,3772467.407,6241476.63,3004526.777,4551063.827,329872.0708,21096740.86,86206242.7,23259859.62,606978.8233,31313497.88,2511938.711,332591.1712,22352158.34,12021864.22,8077244.538,674586.5557,740467.241,432993.1279,3158104.072,28778816.25,518941.6828,84448705.33
1076_9_RBG,1004.083333,16013533.04,10123032.74,1551277.426,9202014.283,7279398.58,8599514.861,7566027.197,7251298.435,2995931.823,9714253.52,26795079.99,17312879.6,1674585.24,12081923.93,756601.9672,21621743.7,13007714.41,18551906.09,3356742.392,20896680.04,3096705.62,4262027.249,875057.7691,1266557.439,52620853.92,12567362.25,1909134.936,1418655.61,3344344.406,718420.179,8783456.148,27543024.07,226351824.5,17720150.66,2184057.079,31928950.11,37691246.36,3467810.392,5763860.564,11573620.64,276571917.9,4167004.213,75191754.15,1062185.497,2844080.871,111706.3006,11179490.07,16850112.14,66476575.97,1598012.318,48825263.34,33139259.31,151502160.7,1598012.318,5639882.05,6793904.597,3181363.176,4242964.473,480819.6928,23056820.29,108568408.6,23965230.82,1063324.277,28165299.97,2873059.974,4337553.51,24108559.07,19484103.81,8644884.832,658622.0368,1459376.532,729954.3352,2001116.152,16782714.61,1080054.596,82246676.35
1076_10_RBG,1004.083333,4403478.853,12291460.07,19942547.51,10310235.62,7602434.821,10730873.1,9130743.498,8134141.611,2661533.837,9431442.07,42433426.88,14779864.42,2645907.622,9990472.582,826530.4227,23976068.03,17285364.36,20789251.51,1350965.835,18331651.87,3434226.477,4547173.745,900000.1644,1590559.351,61818591.04,5128935.372,1795412.598,1503286.994,2197932.919,869060.1054,4720674.114,28847267.89,229562664.8,18727108.85,2163172.99,39896790.72,19719540.39,2915168.877,5345324.496,8094152.026,239288145.8,7084901.884,83755159.69,1201050.188,3095134.931,372375.4874,5953861.828,16792330.41,78234365.45,1951663.416,33609499.64,32634420.42,170594975.6,1951663.416,4088094.361,8178159.509,2460240.889,2809707.93,650715.5331,40871080.2,60212873.97,27825370.22,826964.4299,33285244.14,4269178.772,2147949.621,21844128.6,10447839.99,9662869.849,759528.8705,1032642.041,828832.7045,4121957.871,16509579.14,3060819.97,61635331.12
1082_8_RBG,941.0416667,8761153.003,19435796.31,257962.1243,9379917.051,7702256.925,9843734.337,8372001.954,7693565.505,2812015.079,11868733.97,40051757.47,17022946.53,2548831.607,10620982.21,1011071.594,20797551.29,17300728.96,20451007.22,883547.3782,19226155.35,3366910.577,6210746.628,621950.7581,1993770.249,41812478.92,2881393.11,1178034.346,2007203.562,2960538.045,662636.8191,9297814.52,21007649.77,230857051.1,14364512.64,1962503.754,49390987.1,35487215.5,2829944.464,4759232.107,10463614.23,275638124.4,3727496.178,67875529.6,1854346.514,2366521.569,98512.91387,7704550.625,19799351.86,77248337.69,2559517.696,39267884.87,42513419.91,164977143.7,2559517.696,1714881.774,6984038.444,2230544.062,9649447.877,709048.7155,19869927.75,67321750.34,28061369.83,1050304.817,24653957.08,2578119,3604805.131,24243134.9,15620837.92,8418998.846,601122.3664,925011.2125,629660.422,3882443.395,25922099.96,3162678.583,64910110.05
1082_9_RBG,941.0416667,13249163.27,15417960.74,101960784.2,10710172.79,9437472.471,10689739.56,10054328.94,8375269.247,3378226.036,6780828.538,39229996.81,19893891.73,2419776.427,15794271.03,925361.9062,24691854.29,15862116.15,20516517.98,891605.598,26506458.56,3663198.06,5729996.022,1009581.038,1396463.697,55777515.82,3624796.2,1070628.213,1420862.873,2655188.618,671672.9749,4351249.456,29772832.53,202067515.2,19166804.19,2192276.092,48902580.21,33329334.88,3489778.269,6589843.456,11533197.93,272235157.9,4361830.574,84025216.73,1787251.057,3745543.806,1423942.591,7752529.162,17561295.76,74944570.3,1956417.193,37281582.26,39876557.12,178828959.4,1956417.193,5147134.746,6468550.691,3022796.872,2207573.666,412005.4735,22580488.34,78408493.43,25713469.45,813718.4547,32085178.55,2908569.201,1386668.596,23235316.89,20312648.11,9038741.124,677323.3245,969829.3237,802845.7005,4890752.037,33501330.99,4997250.137,66691724.38
1082_10_RBG,941.0416667,12968187.84,17608369.45,68890884.42,7555913.404,6527534.87,8098240.723,7140703.818,5245986.265,1974541.871,4444774.886,38452678.73,15564826.79,1547733.859,11587629.69,743985.0896,18257603.88,16769812.76,13083848.82,2058523.377,16658158.01,3506390.9,3805965.889,865361.5917,1412749.769,48693617.99,8348012.386,1092239.449,950294.5326,3425402.243,269713.4468,6915341.541,21461697.9,140228028.3,12682059.37,1357323.149,49483609.93,30020405.93,2702134.125,1729773.285,5278549.246,224630500.9,2573674.352,71031026.16,1080065.619,1633282.714,679113.9999,7023178.054,16075454.76,60270398.48,1539840.658,28736583.97,24327773.75,173072095.4,1539840.658,1962947.9,5366623.294,2206615.481,15691760.94,286954.099,20308620.96,52267626.42,21503796.58,487731.5496,27857807.88,2202612.373,1209458.625,20975602.99,15664153.88,5790060.385,513211.4029,749833.8177,922361.7057,3090881.777,22605968.94,1665596.816,57914657.74
1101_8_RBG,916.7916667,5175466.761,17689398.66,53920148.11,7621675.442,6816158.674,9356193.652,7905934.346,7073797.285,1908761.85,10303019.7,27292752.66,13469296.07,1762444.821,9719559.757,740735.6044,16698775.7,13612056.75,17619763.7,353903.4187,17776493.6,3364262.891,6772294.453,831431.0633,1797842.273,39760980.05,1499514.196,1057053.385,1691582.878,2281329.548,745015.4797,7707388.649,23084937.12,185115433.9,15538232.39,1617884.809,38016671.32,32693833.8,3023223.921,4980964.553,7212130.232,249089044.7,3054847.7,78233698.95,928476.4268,3000770.544,1128202.925,8555513.086,15463547.01,77943726.63,2143267.39,38903523.66,30563277.89,169925876.1,2143267.39,3041061.386,6373192.898,1872705.253,10318460.92,639590.9416,34073593.35,85220129.21,22124187.92,867397.3936,30282477.01,2192287.221,310656.2222,23666681.43,11433758.06,8326896.859,522623.7159,733585.9928,573853.7834,1441604.755,34915112.82,4148631.815,63869387.65
1101_9_RBG,916.7916667,10136389.04,14549683,222580452.8,8026842.481,6915935.309,11066044.18,7894302.104,7439385.807,1968139.257,6227625.61,34737435.83,17033440.34,1739438.771,14355699.97,859567.3971,20659344.56,16277283.64,20144351.71,454338.4127,21420688.81,4355053.308,7698469.858,684115.1119,1894694.604,45347804.23,829172.3313,1090428.01,1362614.987,2176072.94,812826.7486,9023722.442,27222174.24,202414242.6,17680197.39,1813216.445,38207651.71,39869410.59,4739522.06,5845172.682,7768203.659,246355099.5,3220555.134,69357303.68,987337.155,2870927.869,1593250.976,6515206.968,15152616.15,66788135.92,1813702.173,31148810.34,38586345.27,192232612.7,1813702.173,3405602.999,6348576.985,1924546.78,7997995.403,367027.1017,18556230.19,57838501.6,23786451.24,504050.9701,26038823.29,2564681.63,125559.9016,22073104.57,17904819.3,8795033.207,635595.894,859637.4044,573087.5562,1948335.434,31602489.62,3331578.893,55224702.1
1101_10_RBG,916.7916667,7631763.822,15261253.94,102211252.7,6717475.012,6331944.008,7113468.552,7276206.85,6392916.351,1627818.512,8927136.321,26301423.11,13863052.14,2077427.746,6534494.696,750292.7383,15900077.99,17202986.4,14949204.81,244212.5424,19418143.33,3718002.688,6138003.803,929420.1874,2357117.64,39772072.99,1273152.665,692719.4881,1489504.566,3889871.191,162512.1891,6395706.51,25604109.09,127018896.4,13292977.1,1147710.317,24161322.6,28119189.08,2377506.901,1522951.233,7238588.513,188360236.3,5645352.632,69832223.81,1136299.277,1478641.735,1298215.348,6517243.004,15798600.93,67745716.02,3555554.325,29262159.13,28525852.89,158659678,3555554.325,1790404.961,7193789.722,1798577.657,1952011.851,405451.3306,32223189.25,52803444.59,20877272.06,668465.7885,26784962.84,2148136.63,149533.6412,16448865.75,12285217.16,6545669.454,461888.6771,677125.0749,965357.2054,1248452.981,13250979.54,2128443.36,53735493.43
